booking_id,passenger_id,flight_id,booking_date,status,passport_number,seat_number,emergency_contact_name,emergency_contact_phone
B1000,P1591,AI192,2025-06-14 11:37:36.951,CANCELLED,P1945887,3D,Isaac Bakshi,+91-6478475128
B1001,P1803,6F026,2025-11-02 11:37:36.951,CANCELLED,L3482012,18A,Anvi Konda,+91-6647078662
B1002,P1083,SJ010,2025-08-25 11:37:36.951,CANCELLED,G8507659,30C,Udant Dewan,+91-8405938220
B1003,P1364,AI069,2025-12-30 11:37:36.951,CONFIRMED,M0891776,33A,Harsh Chahal,+91-6264636839
B1004,P1885,UK003,2025-10-02 11:37:36.951,PENDING,N5742231,25C,Pahal Balay,+91-9336478266
B1005,P1548,AI048,2025-08-31 11:37:36.951,CONFIRMED,B0402369,13D,Ayushman Chander,+91-7558392726
B1006,P1341,AI140,2025-06-29 11:37:36.951,CANCELLED,W9430120,17F,Tejas Kaul,+91-9945047864
B1007,P1838,UK167,2026-03-12 11:37:36.951,CONFIRMED,C3727117,22E,Yashasvi Bala,+91-8603505776
B1008,P1406,AI245,2025-09-07 11:37:36.951,PENDING,J9885582,34F,Rushil Saini,+91-8965638807
B1009,P1424,SJ158,2025-04-28 11:37:36.951,CANCELLED,Y3306745,33C,Thomas Sen,+91-9877686278
B1010,P1743,AI155,2025-11-24 11:37:36.951,CONFIRMED,N0944128,15B,Arunima Ahuja,+91-7598589414
B1011,P1092,AI179,2025-10-25 11:37:36.951,CONFIRMED,E1885666,22C,Nathaniel Sami,+91-6360376153
B1012,P1847,AI137,2025-08-15 11:37:36.951,PENDING,F9715066,28B,Harini Mall,+91-9608066860
B1013,P1613,SJ001,2025-07-20 11:37:36.951,CONFIRMED,A5514377,26E,Nachiket Kale,+91-7535206561
B1014,P1411,SJ172,2025-09-15 11:37:36.951,PENDING,P3439252,21E,Gayathri Chaudry,+91-9188989979
B1015,P1431,UK094,2025-10-21 11:37:36.951,UNKNOWN,D1102867,6F,George Rai,+91-7155145012
B1016,P1677,UK027,2026-01-13 11:37:36.951,CANCELLED,A7202455,6A,Gunbir Parmer,+91-7432610204
B1017,P1158,UK067,2026-04-04 11:37:36.951,CONFIRMED,L1091090,13B,Hemangini Lalla,+91-9984968257
B1018,P1013,6F196,2026-03-25 11:37:36.951,CANCELLED,T1494981,19B,Caleb Sharaf,+91-6596430106
B1019,P1372,6F164,2025-07-31 11:37:36.951,CANCELLED,Y4281793,19A,Jeet Radhakrishnan,+91-9463630835
B1020,P1224,SJ112,2025-12-06 11:37:36.951,CONFIRMED,F7758446,27B,Farhan Memon,+91-8815386249
B1021,P1504,6F190,2025-12-07 11:37:36.951,CANCELLED,L3372201,4E,Janaki Handa,+91-6258570161
B1022,P1072,AI080,2026-03-25 11:37:36.951,CONFIRMED,D7221455,16F,Ekaraj Bath,+91-9567437221
B1023,P1248,6F213,2026-02-03 11:37:36.951,PENDING,P1894370,24B,Vedant Mann,+91-9305609325
B1024,P1510,AI115,2025-06-21 11:37:36.951,PENDING,M1004627,30F,Fariq Kaul,+91-9941518072
B1025,P1602,SJ049,2026-03-18 11:37:36.951,PENDING,L7256592,1B,Harrison Rai,+91-8546462966
B1026,P1215,AI058,2025-06-27 11:37:36.951,CONFIRMED,C7520238,32C,Arunima Setty,+91-7873936345
B1027,P1972,UK036,2025-07-25 11:37:36.951,CONFIRMED,F6005595,22A,Janya Gaba,+91-6618400795
B1028,P1601,SJ239,2025-05-25 11:37:36.951,CANCELLED,V3325848,26E,Kamala Pant,+91-7567010757
B1029,P1540,6F025,2025-06-06 11:37:36.951,CANCELLED,B7984870,19C,Shaurya Loke,+91-6537374016
B1030,P1946,6F236,2026-03-18 11:37:36.951,CANCELLED,X1767993,21E,Ekbal Garg,+91-7582401429
B1031,P1816,AI060,2025-11-16 11:37:36.951,CANCELLED,J4039464,1E,Yash Gade,+91-7143533949
B1032,P1938,UK021,2025-09-03 11:37:36.951,CANCELLED,H7360601,18E,Turvi Raghavan,+91-9117548599
B1033,P1987,UK026,2025-05-06 11:37:36.951,UNKNOWN,V4907938,19A,Anamika Kanda,+91-7517714041
B1034,P1219,SJ179,2025-12-31 11:37:36.951,CONFIRMED,W5283061,22F,Ekta Bhalla,+91-7615250606
B1035,P1839,6F251,2025-08-21 11:37:36.951,PENDING,A1242446,11D,Veer Balay,+91-7882931517
B1036,P1726,SJ149,2025-11-24 11:37:36.951,PENDING,F5144881,5B,Diya Rattan,+91-6103573647
B1037,P1220,AI188,2026-03-20 11:37:36.951,PENDING,H1421751,33E,Amrita Bhatti,+91-9648445418
B1038,P1388,SJ093,2026-01-01 11:37:36.951,PENDING,D7941515,12D,Siddharth Murty,+91-7685516192
B1039,P1553,SJ205,2025-08-21 11:37:36.951,CONFIRMED,J0911225,11E,Simon Tata,+91-7613989854
B1040,P1646,6F099,2025-08-08 11:37:36.951,CONFIRMED,Z5056618,26B,Meghana Shanker,+91-7304165230
B1041,P1041,UK176,2025-05-28 11:37:36.951,CONFIRMED,Y7913787,25C,Luke Lanka,+91-8313796035
B1042,P1675,UK200,2025-12-02 11:37:36.951,CANCELLED,B0730950,24F,Liam Koshy,+91-8546175890
B1043,P1872,6F195,2025-11-22 11:37:36.951,CANCELLED,A5712198,8E,Adya Sangha,+91-7608341388
B1044,P1282,6F174,2026-04-12 11:37:36.951,PENDING,T8851905,16C,Mohini Pathak,+91-9415090954
B1045,P1057,SJ214,2026-03-19 11:37:36.951,UNKNOWN,B1042462,18C,Theodore Devi,+91-9179883432
B1046,P1813,UK059,2025-10-14 11:37:36.951,CONFIRMED,V5174460,2C,Yashodhara Tak,+91-8298401874
B1047,P1833,6F151,2025-12-29 11:37:36.951,PENDING,C2899151,7C,Gavin Batta,+91-8441784608
B1048,P1536,SJ236,2025-09-19 11:37:36.951,PENDING,D2939130,18C,Imaran Dua,+91-6971424278
B1049,P1072,SJ153,2025-07-28 11:37:36.951,UNKNOWN,W9848416,3C,Nathaniel Sami,+91-9199823067
B1050,P1884,AI220,2026-01-15 11:37:36.951,PENDING,L4021190,7D,Devansh Rajan,+91-6603824482
B1051,P1922,6F028,2025-07-05 11:37:36.951,CANCELLED,M6814298,16A,Lakshmi Sidhu,+91-8280796443
B1052,P1128,UK209,2025-12-30 11:37:36.951,CANCELLED,F9107322,33B,Zayan Apte,+91-9105676326
B1053,P1598,UK216,2026-04-01 11:37:36.951,PENDING,V4937830,28B,Ishwar Yadav,+91-9306665009
B1054,P1841,AI132,2026-04-11 11:37:36.951,CANCELLED,V4526969,19C,Amara Oak,+91-7761838191
B1055,P1425,6F012,2025-10-14 11:37:36.951,CANCELLED,D6497016,13F,Isaac Memon,+91-8842277684
B1056,P1947,UK173,2026-03-24 11:37:36.951,CANCELLED,E9291320,15B,Radhika Dugar,+91-6885176381
B1057,P1664,SJ047,2025-08-20 11:37:36.951,CANCELLED,C6234190,14F,Sudiksha Aggarwal,+91-6991174263
B1058,P1693,SJ043,2025-12-07 11:37:36.951,PENDING,A6153722,8C,Adya Tella,+91-8541444081
B1059,P1124,UK140,2026-01-03 11:37:36.951,CONFIRMED,N8473236,23B,Pranav Tripathi,+91-7626040433
B1060,P1066,6F086,2025-12-30 11:37:36.951,CONFIRMED,T4604067,11A,Hitesh Misra,+91-6903507113
B1061,P1005,6F114,2026-04-05 11:37:36.951,CANCELLED,R8436142,19C,Yashica Issac,+91-7557577530
B1062,P1636,UK153,2025-06-12 11:37:36.951,CANCELLED,A7819754,15D,Michael Prakash,+91-7839197050
B1063,P1313,6F149,2025-05-19 11:37:36.951,CANCELLED,J7642737,9A,Neel Zacharia,+91-7792800081
B1064,P1325,UK145,2025-09-14 11:37:36.951,CONFIRMED,T6388214,24E,Aadi Naik,+91-8840782918
B1065,P1564,UK010,2026-03-06 11:37:36.951,CANCELLED,D4846019,7B,Vrinda Bahl,+91-8370688991
B1066,P1577,SJ003,2025-11-05 11:37:36.951,PENDING,H8998278,1B,Isaac Patil,+91-6451518025
B1067,P1825,SJ160,2025-07-23 11:37:36.951,PENDING,W6950732,7F,Damyanti Khatri,+91-8874039825
B1068,P1505,UK224,2025-11-22 11:37:36.951,PENDING,P4493699,23A,Dalbir Khosla,+91-9606649882
B1069,P1081,UK152,2025-08-02 11:37:36.951,CONFIRMED,Y3350557,16E,Farhan Chada,+91-8629516369
B1070,P1598,SJ034,2025-09-22 11:37:36.951,CANCELLED,H6801192,15D,Vedika Biswas,+91-6320073428
B1071,P1001,UK215,2025-12-21 11:37:36.951,CANCELLED,R6811872,15F,Jeremiah Dave,+91-7334580870
B1072,P1203,UK089,2025-08-10 11:37:36.951,CANCELLED,M1040961,18F,Vaishnavi Gandhi,+91-9324502708
B1073,P1661,6F180,2025-12-04 11:37:36.951,CONFIRMED,C5391149,16A,Alka Wable,+91-9839804571
B1074,P1804,6F188,2025-09-25 11:37:36.951,CONFIRMED,J8207365,7A,Pallavi Kakar,+91-7718126104
B1075,P1403,UK131,2026-01-03 11:37:36.951,CONFIRMED,J0655782,2F,Sai Muni,+91-6773457796
B1076,P1102,UK055,2025-05-04 11:37:36.951,CONFIRMED,X0432230,12B,Mohini Prakash,+91-7312219350
B1077,P1535,UK181,2025-05-03 11:37:36.951,PENDING,E4707392,3A,Raksha Varughese,+91-7493679292
B1078,P1367,6F077,2025-09-21 11:37:36.951,CONFIRMED,Z4621276,1B,Siya Dara,+91-8137720016
B1079,P1211,SJ085,2025-06-03 11:37:36.951,CONFIRMED,W2611231,10D,Yug Kar,+91-6566668019
B1080,P1576,SJ023,2025-06-05 11:37:36.951,CONFIRMED,H2488899,22D,Devansh Nigam,+91-7989890958
B1081,P1960,SJ202,2025-11-13 11:37:36.951,CANCELLED,Y8937629,29C,Ansh Karpe,+91-8379418400
B1082,P1208,SJ150,2025-09-09 11:37:36.951,CANCELLED,Y3036468,30A,Thomas Amble,+91-6955344669
B1083,P1762,SJ116,2025-05-12 11:37:36.951,CANCELLED,E0381876,9A,Ekavir Bhargava,+91-7678774087
B1084,P1896,6F270,2025-06-14 11:37:36.951,PENDING,H2308981,16E,Veer Bir,+91-6464118688
B1085,P1116,UK150,2026-03-24 11:37:36.951,PENDING,V8144582,12A,Azad Narayanan,+91-9626679329
B1086,P1627,SJ237,2026-02-16 11:37:36.951,CONFIRMED,G2318297,5D,Ekavir Varkey,+91-6892143483
B1087,P1748,AI221,2025-05-08 11:37:36.951,CANCELLED,L7245000,2F,Wazir Mallick,+91-6969298674
B1088,P1477,SJ081,2026-03-25 11:37:36.951,PENDING,A1529113,31A,Vedika Kala,+91-9941437433
B1089,P1104,UK189,2025-09-03 11:37:36.951,CANCELLED,W5090255,25F,Kevin Solanki,+91-6953291422
B1090,P1494,SJ068,2025-05-16 11:37:36.951,PENDING,V4442182,31C,Xavier Solanki,+91-9660731775
B1091,P1770,6F043,2025-08-18 11:37:36.951,PENDING,C2248905,25D,Niharika Gupta,+91-6644541387
B1092,P1045,UK187,2026-03-18 11:37:36.951,CONFIRMED,P7009004,16D,Girindra Chatterjee,+91-8783616973
B1093,P1822,UK074,2025-05-11 11:37:36.951,CONFIRMED,L1584826,25E,Raagini Pandya,+91-6353190231
B1094,P1330,UK004,2026-01-07 11:37:36.951,PENDING,P2483550,24C,Pallavi Roy,+91-7943037557
B1095,P1215,6F194,2025-07-30 11:37:36.951,CONFIRMED,X6080706,14B,Unni Bhagat,+91-9746502655
B1096,P1981,UK068,2026-01-03 11:37:36.951,PENDING,Y8795098,12B,Guneet Bhat,+91-6165188767
B1097,P1959,6F017,2025-08-26 11:37:36.951,UNKNOWN,J0164818,34F,Neha Nori,+91-6380899257
B1098,P1491,6F245,2025-10-15 11:37:36.951,UNKNOWN,Z4287738,13D,Ikbal Kothari,+91-7667280675
B1099,P1812,6F254,2025-12-07 11:37:36.951,CONFIRMED,Z1643212,26E,Rehaan Gupta,+91-8879525408
B1100,P1921,UK077,2026-03-05 11:37:36.951,CONFIRMED,F8946420,16D,Saumya Dey,+91-7495412423
B1101,P1844,AI029,2025-07-19 11:37:36.951,CONFIRMED,V6314417,3D,Pahal Goswami,+91-8778210041
B1102,P1448,SJ196,2025-10-06 11:37:36.951,UNKNOWN,N2554026,15F,Arya Shere,+91-8464997824
B1103,P1535,AI242,2025-08-08 11:37:36.951,CANCELLED,W2430176,20D,Zaid Borra,+91-8412030195
B1104,P1510,AI242,2025-09-12 11:37:36.951,CANCELLED,V9880315,16E,Saanvi Chaudhari,+91-7991651992
B1105,P1457,SJ044,2025-09-11 11:37:36.951,CONFIRMED,J5279050,19F,Chandresh Zachariah,+91-6412862865
B1106,P1546,UK063,2025-09-01 11:37:36.951,CONFIRMED,H3335384,21F,Alexander Chander,+91-6523827368
B1107,P1535,AI056,2025-05-19 11:37:36.951,CONFIRMED,H2111978,30F,Warjas Ganesan,+91-6684521339
B1108,P1539,UK207,2025-10-11 11:37:36.951,CANCELLED,B9339137,14B,Niharika Sunder,+91-9791520049
B1109,P1483,UK166,2025-12-03 11:37:36.951,CANCELLED,L3060119,33D,Vasana Kala,+91-8518051363
B1110,P1975,6F261,2025-12-17 11:37:36.951,PENDING,D7868800,12B,Nandini Bhargava,+91-6970468743
B1111,P1999,UK134,2025-12-25 11:37:36.951,CANCELLED,A9156182,34A,Nitesh Raghavan,+91-7839160327
B1112,P1015,6F152,2025-10-02 11:37:36.951,PENDING,N5774491,27A,Aarnav Ramakrishnan,+91-7520650611
B1113,P1570,SJ089,2025-11-23 11:37:36.951,CONFIRMED,M9520149,5A,Alka Sha,+91-8216883389
B1114,P1976,6F123,2025-09-26 11:37:36.951,CANCELLED,W4336875,2E,Bhavika Sampath,+91-7912308435
B1115,P1242,AI025,2025-08-23 11:37:36.951,CONFIRMED,P3223998,10A,Vidhi Dubey,+91-7584571024
B1116,P1949,6F030,2025-12-05 11:37:36.951,CONFIRMED,J5561140,19B,Ranveer Minhas,+91-9902241177
B1117,P1206,SJ222,2025-09-02 11:37:36.951,CONFIRMED,B5053766,28F,Teerth Bhardwaj,+91-6657636273
B1118,P1911,UK109,2026-04-03 11:37:36.951,CONFIRMED,D1260030,34B,Darsh Murthy,+91-8519392542
B1119,P1270,SJ117,2025-11-25 11:37:36.951,CANCELLED,N9106271,21F,Dakshesh Bedi,+91-7207315920
B1120,P1760,SJ142,2025-08-12 11:37:36.951,CONFIRMED,F3455068,12D,Vansha Thakkar,+91-6621179377
B1121,P1993,SJ142,2025-06-01 11:37:36.951,PENDING,Z7682938,17C,Nakul Bhandari,+91-6224369980
B1122,P1778,AI030,2025-05-02 11:37:36.951,CANCELLED,H4808735,20B,Yashoda Buch,+91-9816300459
B1123,P1704,6F097,2025-09-23 11:37:36.951,CONFIRMED,W8260335,8A,Quincy Biswas,+91-6816213440
B1124,P1846,6F129,2025-05-23 11:37:36.951,CANCELLED,M7090859,5C,Ekansh Keer,+91-8716421753
B1125,P1729,6F181,2026-01-15 11:37:36.951,PENDING,F0749269,27E,Netra Dar,+91-9938075564
B1126,P1114,AI072,2025-10-20 11:37:36.951,CONFIRMED,K8997184,10E,Yatin Baral,+91-8721996718
B1127,P1579,SJ154,2025-06-29 11:37:36.951,PENDING,N9325914,2E,Finn Saini,+91-8711476141
B1128,P1298,AI031,2026-04-08 11:37:36.951,CONFIRMED,Y3231234,10D,Diya Lal,+91-9705499264
B1129,P1836,AI031,2025-09-18 11:37:36.951,PENDING,W0690872,26F,Samarth Murthy,+91-6590894894
B1130,P1482,6F158,2025-12-26 11:37:36.951,CONFIRMED,P0723483,34E,William Lanka,+91-7449801553
B1131,P1396,6F184,2025-06-16 11:37:36.951,CANCELLED,Y5382804,1C,Meghana Deep,+91-9812516703
B1132,P1393,UK141,2025-06-20 11:37:36.951,CONFIRMED,D2996508,10D,Charita Shankar,+91-8684652875
B1133,P1074,6F168,2025-12-29 11:37:36.951,CANCELLED,E6418696,23D,Diya Bora,+91-6990362496
B1134,P1977,6F051,2025-07-28 11:37:36.951,CONFIRMED,G0876123,34C,Aditya Shanker,+91-8905759254
B1135,P1481,6F047,2025-12-02 11:37:36.951,CONFIRMED,D4346823,20E,Harish Borah,+91-8772206706
B1136,P1102,UK156,2025-10-26 11:37:36.951,PENDING,B0273008,28E,Tanay Toor,+91-9517992968
B1137,P1296,AI094,2025-09-01 11:37:36.951,PENDING,C0168311,13E,Alka Deo,+91-8984291393
B1138,P1177,AI038,2025-07-14 11:37:36.951,PENDING,A0168094,6C,Ikshita Biswas,+91-6892131934
B1139,P1214,6F255,2026-01-19 11:37:36.951,CONFIRMED,L0762839,29F,Yash Pingle,+91-9773212157
B1140,P1966,SJ025,2026-01-23 11:37:36.951,CONFIRMED,E0534407,29D,Bhavani Dugar,+91-8519551700
B1141,P1314,SJ185,2025-10-28 11:37:36.951,CONFIRMED,F0726629,9C,Raksha Mittal,+91-6696425455
B1142,P1038,6F259,2026-01-21 11:37:36.951,CANCELLED,C7760299,5C,Abhiram Mistry,+91-6526574971
B1143,P1258,6F073,2026-04-07 11:37:36.951,CANCELLED,V8413337,15A,Hemang Desai,+91-7437369840
B1144,P1715,AI091,2025-09-26 11:37:36.951,CONFIRMED,M2356178,6D,Aishani D’Alia,+91-6320027996
B1145,P1006,6F191,2025-08-23 11:37:36.951,PENDING,F1192061,15D,Hredhaan Dugal,+91-7986016715
B1146,P1048,UK228,2025-08-30 11:37:36.951,PENDING,V5277895,25A,Anita Manda,+91-7334348150
B1147,P1537,6F146,2026-03-25 11:37:36.951,PENDING,R1844490,11E,Shivansh Oza,+91-8151309430
B1148,P1160,6F068,2025-10-13 11:37:36.951,CONFIRMED,E6480164,19A,Samar Lalla,+91-7585050672
B1149,P1868,SJ218,2026-01-08 11:37:36.951,PENDING,G4167812,30F,Yashasvi Suresh,+91-9816482528
B1150,P1175,UK083,2025-09-25 11:37:36.951,CONFIRMED,V2210217,12A,Zayan Behl,+91-7380352234
B1151,P1590,SJ007,2026-01-18 11:37:36.951,CANCELLED,V6298579,29B,George Sampath,+91-9987269085
B1152,P1001,AI077,2025-08-14 11:37:36.951,PENDING,H8318285,27A,Aradhana Basu,+91-8345788402
B1153,P1894,UK017,2025-12-20 11:37:36.951,CANCELLED,X7079866,8D,Aarush Nath,+91-9851739050
B1154,P1454,6F229,2026-02-17 11:37:36.951,PENDING,B6736820,24A,Kalpit Lala,+91-9680487005
B1155,P1927,6F074,2025-10-08 11:37:36.951,CONFIRMED,E1223552,6D,Neel Sathe,+91-8115925900
B1156,P1643,SJ088,2026-03-25 11:37:36.951,CONFIRMED,L8714692,5E,Prisha Andra,+91-7178118235
B1157,P1275,SJ167,2025-06-28 11:37:36.951,CONFIRMED,X2596790,18B,Isaac Borra,+91-9769410380
B1158,P1497,6F234,2025-07-20 11:37:36.951,CONFIRMED,Y8480220,22A,Manthan Banik,+91-7811153787
B1159,P1628,UK071,2025-12-10 11:37:36.951,PENDING,W6948424,22F,Kala Divan,+91-6795001686
B1160,P1675,AI178,2025-11-21 11:37:36.951,CANCELLED,C4578870,29A,Qushi Datta,+91-8292245204
B1161,P1799,UK104,2025-11-14 11:37:36.951,CONFIRMED,H8676738,12A,Benjamin Morar,+91-9395171674
B1162,P1027,AI146,2025-04-22 11:37:36.951,UNKNOWN,N1917798,32D,Janya Baral,+91-7769629690
B1163,P1332,SJ235,2025-11-10 11:37:36.951,CANCELLED,X6872258,13D,Ishita Kade,+91-6948822987
B1164,P1000,6F209,2025-04-24 11:37:36.951,CONFIRMED,Z8580623,24A,Zaid Chauhan,+91-8132102471
B1165,P1187,AI129,2025-08-20 11:37:36.951,CANCELLED,M6695790,2F,Irya Ray,+91-6280302367
B1166,P1055,SJ141,2026-01-23 11:37:36.951,CONFIRMED,J8255442,34D,Mohammed Khalsa,+91-9737367690
B1167,P1546,SJ018,2026-02-02 11:37:36.951,CANCELLED,N3259423,9F,Nicholas Goel,+91-8947756854
B1168,P1111,UK120,2025-10-14 11:37:36.951,CANCELLED,N3389156,11C,Nitara Bakshi,+91-6834943269
B1169,P1797,AI078,2025-11-15 11:37:36.951,CONFIRMED,L2857256,11E,Praneel Natarajan,+91-7533417397
B1170,P1309,AI079,2025-09-14 11:37:36.951,PENDING,X3358951,15E,Nisha Kothari,+91-6701224039
B1171,P1035,UK087,2025-09-19 11:37:36.951,CANCELLED,N5507846,21A,Amara Dutta,+91-8911735830
B1172,P1438,UK133,2026-01-17 11:37:36.951,CONFIRMED,T4430349,8F,Hritik Raja,+91-6993779600
B1173,P1728,AI222,2025-06-01 11:37:36.951,CANCELLED,D7972038,22E,Balvan Singhal,+91-7388980197
B1174,P1591,6F049,2026-04-12 11:37:36.951,CANCELLED,B1536415,19D,Tristan Iyengar,+91-6450864287
B1175,P1825,6F105,2026-01-29 11:37:36.951,PENDING,L3132593,27D,Triveni Palla,+91-6355710363
B1176,P1594,SJ226,2025-04-17 11:37:36.951,CANCELLED,P7500942,7C,Dalaja Kari,+91-6137787327
B1177,P1576,SJ227,2025-07-29 11:37:36.951,CANCELLED,M2769819,34D,Udant Bajwa,+91-6749690863
B1178,P1324,6F034,2026-02-05 11:37:36.951,CONFIRMED,E7045238,34E,Reyansh Rastogi,+91-8531852098
B1179,P1639,SJ078,2025-10-03 11:37:36.951,CONFIRMED,F2586605,33D,Falguni Mallick,+91-9678655466
B1180,P1306,AI240,2026-04-10 11:37:36.951,PENDING,R4422758,22F,Ekaraj Mallick,+91-8681269558
B1181,P1533,SJ002,2026-03-29 11:37:36.951,CANCELLED,Z5965594,12E,Indali Upadhyay,+91-7426999169
B1182,P1727,AI044,2025-08-11 11:37:36.951,CANCELLED,Y1165020,3A,Mugdha Yadav,+91-7960734521
B1183,P1618,UK076,2025-06-22 11:37:36.951,CANCELLED,K5393132,8C,Garima Bala,+91-8174348652
B1184,P1108,6F232,2025-08-01 11:37:36.951,PENDING,G0557083,28E,Jack Lal,+91-7832286490
B1185,P1371,SJ228,2025-08-16 11:37:36.951,CANCELLED,D4448896,25E,Pranav Lanka,+91-9254696542
B1186,P1356,SJ074,2026-04-04 11:37:36.951,CONFIRMED,T3677462,1B,Balvan Chopra,+91-8653314213
B1187,P1180,UK229,2025-08-04 11:37:36.951,PENDING,F5431832,7F,Radha Pai,+91-7304465908
B1188,P1355,AI208,2026-04-04 11:37:36.951,CONFIRMED,C2392049,6A,Dipta Sarin,+91-9892739782
B1189,P1675,AI019,2025-11-23 11:37:36.951,CONFIRMED,A1836472,14F,Yasti D’Alia,+91-9470448556
B1190,P1067,6F029,2025-05-23 11:37:36.951,PENDING,A8276817,12B,Lekha Gupta,+91-8615481523
B1191,P1291,6F018,2025-04-27 11:37:36.951,CONFIRMED,R5458472,25B,Aachal Basu,+91-6449432358
B1192,P1691,AI059,2025-06-23 11:37:36.951,CANCELLED,E9187683,7D,Rajata Agarwal,+91-6689885924
B1193,P1180,AI159,2025-05-22 11:37:36.951,PENDING,F7172173,13D,Zinal Yohannan,+91-7706110978
B1194,P1465,6F091,2025-07-11 11:37:36.951,CONFIRMED,Z9205222,14F,Ronith Patla,+91-9283816626
B1195,P1433,6F084,2025-07-20 11:37:36.951,CANCELLED,D6591438,10B,Raagini Boase,+91-7449076166
B1196,P1463,UK170,2026-01-15 11:37:36.951,CANCELLED,Z5398358,20C,Ganga Murthy,+91-9231164596
B1197,P1680,UK212,2025-05-19 11:37:36.951,CONFIRMED,T7732643,2E,Jeet Mital,+91-8380287338
B1198,P1913,SJ022,2025-06-16 11:37:36.951,UNKNOWN,J9791279,29A,Yashica More,+91-7713152983
B1199,P1533,SJ075,2025-12-13 11:37:36.951,PENDING,F7120539,30E,Nilima Narain,+91-9871767632
B1200,P1065,UK177,2025-09-17 11:37:36.951,CONFIRMED,D3752988,16B,Neha Merchant,+91-7130148921
B1201,P1020,UK206,2026-02-01 11:37:36.951,CANCELLED,D2560832,3A,Joshua Handa,+91-8917114055
B1202,P1611,UK079,2025-04-29 11:37:36.951,CANCELLED,W7978889,29C,Osha Raghavan,+91-7844446263
B1203,P1383,UK040,2025-06-21 11:37:36.951,CONFIRMED,M8523860,3B,Owen Mitra,+91-6398640009
B1204,P1811,AI034,2025-07-25 11:37:36.951,CONFIRMED,K3619951,30A,Nidra Acharya,+91-8996772075
B1205,P1614,UK034,2025-10-18 11:37:36.951,CONFIRMED,F3910292,23F,Daksha Mangat,+91-6199294339
B1206,P1558,AI088,2025-07-02 11:37:36.951,CONFIRMED,K3748309,13A,Shivansh Sani,+91-9604762395
B1207,P1038,AI128,2025-06-11 11:37:36.951,PENDING,C3971912,26A,Ekanta Shroff,+91-7885716415
B1208,P1284,SJ052,2025-07-22 11:37:36.951,UNKNOWN,E1321767,9A,Riya Sathe,+91-6750512858
B1209,P1821,AI233,2025-12-15 11:37:36.951,PENDING,C1166122,3A,Tanay Vaidya,+91-6579416064
B1210,P1601,AI012,2026-01-20 11:37:36.951,PENDING,E5873393,3C,Urvashi Gara,+91-7563264358
B1211,P1596,AI084,2025-07-07 11:37:36.951,CONFIRMED,N5380274,34A,Frado Mander,+91-7920725378
B1212,P1784,6F126,2025-07-08 11:37:36.951,PENDING,K2114086,34B,Yutika Nayak,+91-8109386819
B1213,P1335,SJ061,2025-06-16 11:37:36.951,CONFIRMED,X5229462,2E,Girik Keer,+91-7852291107
B1214,P1187,UK194,2025-08-14 11:37:36.951,UNKNOWN,M5610399,23B,Dayita Kar,+91-9984219571
B1215,P1670,AI135,2025-08-08 11:37:36.951,CANCELLED,A1371243,28C,Rushil Din,+91-8679433317
B1216,P1242,6F238,2025-12-09 11:37:36.951,CONFIRMED,M6423041,10A,Aryan Batra,+91-7617385129
B1217,P1072,6F092,2026-03-19 11:37:36.951,CANCELLED,B6159273,32C,Yash Soman,+91-6278618927
B1218,P1478,AI213,2025-11-13 11:37:36.951,PENDING,Y9071669,2D,Elijah Shah,+91-7239573132
B1219,P1973,UK193,2026-02-15 11:37:36.951,CANCELLED,E4815542,1B,Oeshi Hayer,+91-8134770964
B1220,P1560,6F178,2026-04-04 11:37:36.951,PENDING,H0109567,29C,Leena Talwar,+91-9944862559
B1221,P1100,AI158,2026-03-06 11:37:36.951,CONFIRMED,K9157955,19D,Mugdha Kohli,+91-7364245218
B1222,P1513,UK208,2026-03-30 11:37:36.951,PENDING,J7124760,8A,Manbir Ahluwalia,+91-6925875907
B1223,P1755,6F056,2026-04-09 11:37:36.951,UNKNOWN,D8103068,15A,Hredhaan Sandal,+91-9528034660
B1224,P1175,UK185,2025-10-26 11:37:36.951,CONFIRMED,J1726808,1E,Theodore Goda,+91-6972239317
B1225,P1237,AI163,2026-01-13 11:37:36.951,PENDING,M7129015,4D,Zarna Shetty,+91-6309901229
B1226,P1909,AI112,2025-08-23 11:37:36.951,CONFIRMED,V0671307,15C,Chandresh Krish,+91-6151323124
B1227,P1058,AI227,2025-10-23 11:37:36.951,CANCELLED,K5847436,12A,Jairaj Shan,+91-7126618218
B1228,P1864,SJ083,2026-04-17 11:37:36.951,CONFIRMED,A9625885,29D,Kiaan Shetty,+91-9740122235
B1229,P1098,UK073,2026-02-07 11:37:36.951,CONFIRMED,J7031805,13F,Edhitha Savant,+91-7751721227
B1230,P1953,6F169,2025-04-29 11:37:36.951,PENDING,N2746662,6C,Yamini Sandhu,+91-6663302051
B1231,P1870,UK154,2026-04-06 11:37:36.951,CANCELLED,H2700046,27D,Sanaya Dutt,+91-6433505590
B1232,P1953,SJ169,2025-10-06 11:37:36.951,CONFIRMED,L9011079,32F,Vaishnavi Sengupta,+91-9233491252
B1233,P1494,6F187,2025-05-13 11:37:36.951,CANCELLED,J0049388,5F,Aashi Kota,+91-8716509119
B1234,P1946,UK210,2025-11-21 11:37:36.951,CANCELLED,A5315204,33A,Aradhana Verma,+91-8794264349
B1235,P1979,6F250,2025-12-23 11:37:36.951,PENDING,Y7698731,13D,Vedhika Khare,+91-9835680345
B1236,P1513,AI062,2025-07-05 11:37:36.951,CONFIRMED,D6698416,25A,Anvi Sarraf,+91-7332232732
B1237,P1754,AI047,2025-11-16 11:37:36.951,UNKNOWN,T4077943,15B,Faras Mangal,+91-8569111042
B1238,P1296,SJ186,2025-10-20 11:37:36.951,UNKNOWN,F3899499,8E,Wahab Magar,+91-9966524048
B1239,P1210,AI217,2025-11-17 11:37:36.951,CANCELLED,A1426203,30A,Gautami Nagarajan,+91-9980268284
B1240,P1122,UK100,2025-12-31 11:37:36.951,CONFIRMED,W2116020,17A,Faris Devi,+91-6352555606
B1241,P1228,UK116,2025-12-16 11:37:36.951,CONFIRMED,M9989897,10A,Matthew Kashyap,+91-6577231868
B1242,P1593,6F036,2025-12-01 11:37:36.951,CANCELLED,A8894801,26C,Leela Dua,+91-8674563494
B1243,P1655,AI175,2026-01-22 11:37:36.951,CANCELLED,E2175883,29E,Tanish Bhatt,+91-8569942271
B1244,P1387,UK051,2025-08-18 11:37:36.951,CONFIRMED,A8200480,27D,Oeshi Reddy,+91-8608175439
B1245,P1139,6F201,2026-04-17 11:37:36.951,UNKNOWN,C2369149,26A,Ganga Shukla,+91-6269469724
B1246,P1540,6F230,2026-04-09 11:37:36.951,CONFIRMED,V7942968,33B,Ojasvi Bhatia,+91-9879757156
B1247,P1390,SJ138,2025-08-13 11:37:36.951,CANCELLED,N9704095,15F,Samuel Salvi,+91-6377724867
B1248,P1269,AI246,2026-03-04 11:37:36.951,PENDING,C9615607,16B,Lopa Bahri,+91-9405068805
B1249,P1758,6F179,2025-06-06 11:37:36.951,CANCELLED,W8356517,26B,Lajita Sood,+91-8787193294
B1250,P1011,6F031,2026-01-28 11:37:36.951,CANCELLED,B9649668,16F,Abeer Pandey,+91-8756919472
B1251,P1866,UK015,2025-08-30 11:37:36.951,PENDING,P0478421,29A,Chanchal Ramakrishnan,+91-7702190000
B1252,P1388,UK001,2025-04-21 11:37:36.951,CANCELLED,L1622593,27C,Oni Yohannan,+91-7100368619
B1253,P1336,6F133,2026-02-27 11:37:36.951,CANCELLED,V9348688,15E,Thomas Sura,+91-6568052911
B1254,P1505,6F143,2025-07-22 11:37:36.951,CANCELLED,E4672879,5D,Theodore Mahajan,+91-6769197840
B1255,P1105,UK165,2025-09-22 11:37:36.951,CANCELLED,C1413193,23F,Rajata Sunder,+91-7981271946
B1256,P1031,6F083,2025-08-10 11:37:36.951,CANCELLED,G6133760,22B,Ayush Ramachandran,+91-7147020072
B1257,P1073,AI082,2025-08-19 11:37:36.951,CANCELLED,J5881650,11C,Gayathri Ravel,+91-8905817961
B1258,P1170,AI164,2025-10-28 11:37:36.951,CANCELLED,K7241916,21F,Noah Sibal,+91-6307499118
B1259,P1848,SJ155,2026-01-19 11:37:36.951,CANCELLED,K4096617,31F,Joshua Walla,+91-6929358041
B1260,P1068,AI189,2026-01-04 11:37:36.951,CANCELLED,V2498980,1D,Avi Ramesh,+91-9994779063
B1261,P1812,SJ057,2025-12-21 11:37:36.951,CONFIRMED,W2141746,34A,Avi Chacko,+91-7450520909
B1262,P1361,SJ198,2025-05-07 11:37:36.951,CONFIRMED,Y2664869,16F,Priya Deshmukh,+91-9847838944
B1263,P1648,6F122,2026-01-03 11:37:36.951,CANCELLED,Y8748694,6C,Triya Gopal,+91-8731738359
B1264,P1432,SJ097,2026-04-15 11:37:36.951,CONFIRMED,J5011929,12A,Chandresh Lad,+91-9487960179
B1265,P1928,UK203,2025-08-06 11:37:36.951,PENDING,H6051171,28F,Ladli Narang,+91-6343813723
B1266,P1995,UK093,2026-01-16 11:37:36.951,CONFIRMED,Y8863653,27F,Siddharth Sha,+91-7207383106
B1267,P1099,AI205,2025-05-21 11:37:36.951,CANCELLED,V9455906,32A,Eta Nazareth,+91-6126600019
B1268,P1657,AI102,2026-01-16 11:37:36.951,UNKNOWN,Y9424894,12A,Ladli Mall,+91-8504087177
B1269,P1008,6F046,2025-09-06 11:37:36.951,CONFIRMED,N4896676,4C,Oviya Krishnan,+91-9381460807
B1270,P1573,SJ017,2025-06-02 11:37:36.951,UNKNOWN,F0456577,22E,Finn Singhal,+91-6713332228
B1271,P1696,6F156,2025-10-20 11:37:36.951,PENDING,R4533890,28B,Anirudh Zacharia,+91-7939913662
B1272,P1028,AI068,2025-07-18 11:37:36.951,PENDING,M4662265,19A,Charles Palla,+91-6525728311
B1273,P1892,AI150,2025-06-05 11:37:36.951,UNKNOWN,Z5995300,28B,Udarsh Biswas,+91-7227146375
B1274,P1113,UK008,2025-10-15 11:37:36.951,PENDING,F2427677,20D,Banjeet Balasubramanian,+91-7920133571
B1275,P1461,6F166,2025-07-11 11:37:36.951,PENDING,L9160112,18F,Yug Iyengar,+91-6199106536
B1276,P1920,6F177,2025-07-15 11:37:36.951,CONFIRMED,M8488600,1A,Anmol Dua,+91-9732229840
B1277,P1142,AI196,2026-01-19 11:37:36.951,PENDING,V6778231,12E,William Date,+91-8576836223
B1278,P1389,SJ191,2025-08-09 11:37:36.951,CONFIRMED,A4726426,5B,Urvashi Contractor,+91-6276763565
B1279,P1631,6F019,2025-05-10 11:37:36.951,UNKNOWN,B3843753,28C,Tejas Shroff,+91-9908054052
B1280,P1681,AI226,2026-04-12 11:37:36.951,CONFIRMED,W0785254,33B,Aahana Pillay,+91-8237349514
B1281,P1156,SJ207,2026-01-21 11:37:36.951,CANCELLED,D8385454,4A,Oliver Contractor,+91-9373229374
B1282,P1334,AI009,2025-12-30 11:37:36.951,CANCELLED,K5475231,8B,Nihal Mukhopadhyay,+91-7265532151
B1283,P1860,AI103,2025-05-08 11:37:36.951,UNKNOWN,R4897917,29D,Hritik Bal,+91-7360807808
B1284,P1259,SJ127,2026-02-22 11:37:36.951,CANCELLED,K2720388,25F,Devika Prashad,+91-7980090070
B1285,P1081,UK188,2026-03-26 11:37:36.951,CANCELLED,C7508019,25B,Mekhala Issac,+91-6373728913
B1286,P1753,6F010,2025-09-25 11:37:36.951,UNKNOWN,L3069358,33B,Faqid Kibe,+91-8770153362
B1287,P1440,SJ098,2025-12-13 11:37:36.951,CANCELLED,H5340018,5F,Harsh Mitra,+91-9573027930
B1288,P1944,6F058,2025-12-11 11:37:36.951,PENDING,T8481652,18C,Jai Barman,+91-8819434865
B1289,P1171,SJ030,2026-03-23 11:37:36.951,PENDING,M4460838,24F,Idika Walia,+91-6610147017
B1290,P1230,UK175,2025-07-26 11:37:36.951,CANCELLED,Y9378105,16F,Priya Prabhakar,+91-6257929769
B1291,P1719,SJ108,2026-04-01 11:37:36.951,PENDING,W7884869,28E,Ekapad Toor,+91-7920697572
B1292,P1074,6F075,2025-08-03 11:37:36.951,CONFIRMED,Y0457927,7C,Harita Arora,+91-9831243679
B1293,P1269,UK222,2025-08-31 11:37:36.951,CONFIRMED,E4630198,25F,Osha Suri,+91-8287936545
B1294,P1898,6F250,2025-07-13 11:37:36.951,CANCELLED,J2383972,34B,Hitesh Sant,+91-7709899502
B1295,P1625,AI096,2025-12-29 11:37:36.951,CANCELLED,D2187062,14B,Janaki Sharaf,+91-6864172053
B1296,P1061,AI216,2025-12-23 11:37:36.951,CANCELLED,X8322101,1B,Michael Saran,+91-7288687733
B1297,P1873,6F193,2026-01-23 11:37:36.951,PENDING,A0186766,8A,Patrick Vig,+91-6645378361
B1298,P1319,SJ194,2026-01-02 11:37:36.951,PENDING,Z9876108,6C,Anamika Yohannan,+91-7500152809
B1299,P1101,SJ020,2025-09-11 11:37:36.951,CONFIRMED,N1403845,16F,Veda Shroff,+91-6733113217
B1300,P1428,6F070,2025-06-14 11:37:36.951,PENDING,V0746823,21C,Rajata Loyal,+91-9732113521
B1301,P1873,AI051,2025-09-03 11:37:36.951,CONFIRMED,L1003076,12A,Ekantika Korpal,+91-8977644069
B1302,P1721,UK219,2025-12-27 11:37:36.951,PENDING,J5967150,3D,Gabriel Mallick,+91-9817734089
B1303,P1953,AI235,2025-12-13 11:37:36.951,CONFIRMED,N6411065,20A,Shravya Kohli,+91-6855999768
B1304,P1254,6F022,2025-12-13 11:37:36.951,UNKNOWN,H4078516,18E,Ucchal Raghavan,+91-9145051700
B1305,P1531,SJ114,2025-09-28 11:37:36.951,PENDING,V9058366,13C,Gayathri Balakrishnan,+91-7505789203
B1306,P1569,SJ076,2025-12-01 11:37:36.951,CONFIRMED,W9996269,30A,Warda Nair,+91-7679751450
B1307,P1111,UK227,2026-01-26 11:37:36.951,PENDING,P8889178,32E,Qabil Sura,+91-6490932614
B1308,P1984,UK135,2025-07-22 11:37:36.951,CANCELLED,A5962571,30D,Simon Pant,+91-6844332287
B1309,P1312,AI234,2025-05-06 11:37:36.951,CONFIRMED,Y3201265,30F,Aarna Oak,+91-7508172677
B1310,P1997,6F113,2025-08-20 11:37:36.951,PENDING,A4180952,5D,Ati Majumdar,+91-8460363222
B1311,P1460,SJ206,2025-11-16 11:37:36.951,PENDING,V5177741,9D,Advaith Varughese,+91-8513494288
B1312,P1707,AI015,2026-03-29 11:37:36.951,UNKNOWN,Y2118824,6E,Rayaan Chada,+91-9247930241
B1313,P1886,6F260,2025-05-16 11:37:36.951,CANCELLED,P4222975,33E,Wyatt Ray,+91-6582409760
B1314,P1461,AI061,2025-04-28 11:37:36.951,CONFIRMED,B4542185,19C,Vrinda Khosla,+91-9994898284
B1315,P1864,6F237,2026-03-26 11:37:36.951,PENDING,B5682092,9C,Vamakshi Swaminathan,+91-9991747462
B1316,P1091,SJ099,2026-01-06 11:37:36.951,PENDING,A9001635,27C,Sara Badal,+91-6593232068
B1317,P1051,SJ146,2026-02-24 11:37:36.951,CANCELLED,F3247282,21F,Girik Menon,+91-8105429773
B1318,P1804,SJ146,2025-05-23 11:37:36.951,CANCELLED,B1788224,29B,Timothy Ravel,+91-6246297023
B1319,P1519,6F071,2025-05-04 11:37:36.951,CONFIRMED,P1685071,4C,Yagnesh Mohan,+91-6198211758
B1320,P1811,6F272,2025-08-13 11:37:36.951,PENDING,D9509271,6C,Jyoti Solanki,+91-7558921202
B1321,P1097,SJ029,2026-02-12 11:37:36.951,PENDING,C0537092,13A,Hemangini Sandal,+91-6596471866
B1322,P1235,UK084,2025-07-27 11:37:36.951,CONFIRMED,C6950074,6E,Ganga Pandey,+91-8703200643
B1323,P1900,SJ048,2026-02-06 11:37:36.951,CONFIRMED,L4329876,14D,Sudiksha Madan,+91-8241202487
B1324,P1373,AI108,2026-02-04 11:37:36.951,CANCELLED,Y4471619,33B,Damini Krishnamurthy,+91-9317094040
B1325,P1580,SJ134,2025-08-11 11:37:36.951,CANCELLED,K8131045,3B,Vihaan Dara,+91-8931809747
B1326,P1926,UK146,2025-10-31 11:37:36.951,CONFIRMED,W9632174,14F,Reyansh Mutti,+91-8570138283
B1327,P1556,SJ036,2025-09-24 11:37:36.951,CONFIRMED,J8352680,26C,Jagdish Wason,+91-9141787662
B1328,P1648,6F202,2025-11-01 11:37:36.951,PENDING,P7398344,33B,Qasim Handa,+91-8289919958
B1329,P1233,UK041,2026-02-13 11:37:36.951,CONFIRMED,L3646280,22C,Tarak Sule,+91-6578369243
B1330,P1031,6F078,2025-12-06 11:37:36.951,CONFIRMED,R4065795,23A,Aradhana Vohra,+91-8526346256
B1331,P1288,AI097,2025-07-03 11:37:36.951,PENDING,F3920908,22C,Barkha Chaudhry,+91-6145639583
B1332,P1637,UK159,2026-01-15 11:37:36.951,CONFIRMED,T4091311,7D,Rishi Minhas,+91-9201742108
B1333,P1578,UK044,2025-09-06 11:37:36.951,CANCELLED,Y0254760,12B,Utkarsh Patel,+91-6536071145
B1334,P1541,6F176,2025-09-27 11:37:36.951,CANCELLED,Y5354120,6F,Praneel Mittal,+91-7295679658
B1335,P1113,SJ221,2026-02-11 11:37:36.951,PENDING,R5950026,4A,Akshay Walla,+91-8219178680
B1336,P1203,6F112,2025-07-03 11:37:36.951,CONFIRMED,L3259479,22A,Jonathan Mahal,+91-9403353059
B1337,P1028,6F246,2025-10-20 11:37:36.951,UNKNOWN,B7173279,4C,Chakradev Bhagat,+91-8791396646
B1338,P1642,6F014,2026-02-21 11:37:36.951,CANCELLED,A3100649,14C,Brinda Date,+91-6318252453
B1339,P1473,AI237,2025-09-17 11:37:36.951,CANCELLED,X1045203,28A,Vritti Chauhan,+91-8169159137
B1340,P1696,6F003,2025-12-14 11:37:36.951,CANCELLED,C8491359,12E,Advik Mane,+91-8471630823
B1341,P1252,6F249,2025-07-04 11:37:36.951,CONFIRMED,H5952056,5A,Upasna Srinivas,+91-6537611075
B1342,P1797,UK149,2025-04-29 11:37:36.951,CONFIRMED,T9900696,4A,Ridhi Oak,+91-9870011209
B1343,P1904,SJ163,2026-03-08 11:37:36.951,CONFIRMED,R7403784,9F,Qarin Behl,+91-7811045104
B1344,P1921,SJ243,2026-03-28 11:37:36.951,CONFIRMED,G9449530,1D,Zayyan Sridhar,+91-9592285145
B1345,P1385,UK113,2025-06-06 11:37:36.951,CANCELLED,N2550325,1A,Ishaan Bhattacharyya,+91-9328187922
B1346,P1061,AI071,2025-06-07 11:37:36.951,PENDING,N5426241,30E,Nandini Swamy,+91-8297321806
B1347,P1514,6F271,2026-02-07 11:37:36.951,PENDING,X0292334,22A,Ethan Bera,+91-6116356679
B1348,P1429,SJ015,2025-06-05 11:37:36.951,CANCELLED,B9060530,27E,Max Dixit,+91-8360893196
B1349,P1579,UK047,2025-11-19 11:37:36.951,CANCELLED,A2116673,9E,Daksha Chada,+91-6402354833
B1350,P1536,UK020,2026-02-04 11:37:36.951,PENDING,L7598875,12A,Yuvraj Dani,+91-7737178891
B1351,P1690,AI122,2025-09-03 11:37:36.951,PENDING,X6426033,27F,Omaja Kara,+91-7956136783
B1352,P1140,UK223,2025-10-20 11:37:36.951,CANCELLED,A2755821,17D,Lajita Seshadri,+91-9126482884
B1353,P1742,6F148,2025-09-19 11:37:36.951,CANCELLED,Y2071152,15F,Saanvi Mishra,+91-6294274844
B1354,P1299,SJ162,2025-12-14 11:37:36.951,CONFIRMED,G6219215,34A,Pushti Mody,+91-9876089213
B1355,P1674,6F127,2026-03-30 11:37:36.951,CONFIRMED,A5916118,28B,Darpan Chaudhary,+91-8456821313
B1356,P1310,AI173,2025-11-10 11:37:36.951,PENDING,W8195977,11F,Sarthak Kakar,+91-6509868460
B1357,P1470,6F065,2026-02-05 11:37:36.951,UNKNOWN,W8005378,14A,Aishani Bumb,+91-9753539923
B1358,P1392,AI053,2025-06-22 11:37:36.951,PENDING,E8972845,20A,Naksh Khatri,+91-6651810560
B1359,P1641,AI241,2025-10-22 11:37:36.951,CONFIRMED,E2720028,14E,Oscar Borde,+91-8676228471
B1360,P1444,AI105,2025-06-15 11:37:36.951,UNKNOWN,E3220414,18D,Naksh Agate,+91-8803122317
B1361,P1757,AI110,2025-08-24 11:37:36.951,PENDING,G2811659,13F,Nilima Seshadri,+91-6822763821
B1362,P1808,AI252,2025-10-22 11:37:36.951,CONFIRMED,E0203042,15B,Upma Manne,+91-7869807951
B1363,P1171,AI149,2025-12-14 11:37:36.951,CANCELLED,R7521353,3B,Bachittar Kata,+91-6548747515
B1364,P1575,AI224,2025-09-09 11:37:36.951,PENDING,L0646300,23F,Bhavya Mandal,+91-7989248079
B1365,P1030,UK158,2025-07-03 11:37:36.951,CANCELLED,R7756919,15B,Sudiksha Bobal,+91-6834210703
B1366,P1046,6F125,2025-05-05 11:37:36.951,CANCELLED,A2916174,25E,Vivaan Lalla,+91-6270855252
B1367,P1129,UK164,2025-12-14 11:37:36.951,CONFIRMED,X8310438,18A,Rudra Sandal,+91-9520780157
B1368,P1351,UK007,2025-12-26 11:37:36.951,CANCELLED,F2913167,1E,Ishwar Kar,+91-6493947814
B1369,P1977,6F118,2026-03-18 11:37:36.951,PENDING,N8566706,15F,Manthan Lata,+91-9264252076
B1370,P1844,SJ004,2026-01-01 11:37:36.951,CANCELLED,C9865504,19C,Lucky Bora,+91-8804403721
B1371,P1621,6F206,2025-09-25 11:37:36.951,CANCELLED,B7663493,15E,Darpan Gandhi,+91-9469141602
B1372,P1580,SJ130,2025-05-11 11:37:36.951,CANCELLED,A4962732,11D,Damyanti Mani,+91-7565832017
B1373,P1057,SJ070,2026-02-14 11:37:36.951,CANCELLED,D1424362,22F,Reva Dash,+91-8386211304
B1374,P1105,AI085,2025-04-24 11:37:36.951,CANCELLED,E1880879,7F,Upadhriti Modi,+91-9258397223
B1375,P1811,SJ109,2025-09-02 11:37:36.951,CONFIRMED,Z3419964,15B,Neha Magar,+91-8964359962
B1376,P1329,AI168,2025-08-24 11:37:36.951,PENDING,H2472505,16B,Xiti Zacharia,+91-7379969634
B1377,P1767,UK123,2025-10-24 11:37:36.951,CONFIRMED,G0311587,26A,Wakeeta Sarma,+91-8871771232
B1378,P1823,UK110,2026-01-16 11:37:36.951,PENDING,J5769475,30D,Faris Baral,+91-8874968535
B1379,P1682,AI206,2025-11-02 11:37:36.951,PENDING,Z5353659,31C,Rachana Naidu,+91-9515172178
B1380,P1382,6F007,2026-04-16 11:37:36.951,PENDING,Y8616342,6B,Zashil Bal,+91-8406607743
B1381,P1984,SJ013,2025-11-11 11:37:36.951,PENDING,M0809594,33A,Gavin Karnik,+91-8299033911
B1382,P1161,UK061,2025-09-19 11:37:36.951,PENDING,N9255966,20D,Ansh Luthra,+91-7221162822
B1383,P1996,AI010,2025-09-24 11:37:36.951,CANCELLED,H0742359,8C,Banjeet Gill,+91-7513182261
B1384,P1285,AI024,2025-05-16 11:37:36.951,CONFIRMED,D4048933,11D,Upma Venkataraman,+91-6423193523
B1385,P1070,UK130,2025-06-08 11:37:36.951,CONFIRMED,L4307963,30B,Riya Mall,+91-6830863433
B1386,P1766,AI161,2026-03-12 11:37:36.951,CANCELLED,A0817852,10A,Pratyush Sarin,+91-6495523897
B1387,P1453,SJ208,2025-07-23 11:37:36.951,PENDING,W7184523,24F,Vyanjana Chand,+91-8893628754
B1388,P1885,6F038,2025-09-23 11:37:36.951,UNKNOWN,F6874470,8D,Upma Pall,+91-7790218221
B1389,P1566,6F085,2026-02-22 11:37:36.951,UNKNOWN,F0865237,30D,Nilima Nath,+91-7719876220
B1390,P1834,SJ028,2026-03-09 11:37:36.951,CANCELLED,P6563370,8C,Ekani Cheema,+91-6793320994
B1391,P1396,SJ084,2025-11-26 11:37:36.951,CONFIRMED,B5278105,21F,Naveen Narayan,+91-6139048281
B1392,P1514,AI139,2026-03-27 11:37:36.951,CONFIRMED,A2722142,21D,Nisha Tandon,+91-7228757852
B1393,P1025,UK179,2026-04-06 11:37:36.951,PENDING,P0943913,26E,Bhavya Rattan,+91-6630833402
B1394,P1312,6F256,2025-07-23 11:37:36.951,PENDING,F0313695,23F,Balhaar Sha,+91-7656302923
B1395,P1125,UK023,2026-02-10 11:37:36.951,UNKNOWN,N2092973,23B,Gaurang Murty,+91-8760748777
B1396,P1407,AI039,2025-08-03 11:37:36.951,UNKNOWN,M3322273,13E,Zayyan Naik,+91-7101529194
B1397,P1564,UK190,2026-02-05 11:37:36.951,CANCELLED,K5735323,28D,Jack Raval,+91-6644683359
B1398,P1197,6F224,2026-02-04 11:37:36.951,PENDING,M0761087,3E,Yoshita Agarwal,+91-7517782164
B1399,P1810,UK221,2025-05-31 11:37:36.951,PENDING,Y7182360,7A,Turvi Sachdev,+91-9233875517
B1400,P1187,SJ107,2026-04-02 11:37:36.951,CANCELLED,E6158388,12F,Chatura Guha,+91-6629349488
B1401,P1697,UK155,2025-04-20 11:37:36.951,UNKNOWN,Z6484673,21D,Zarna Pathak,+91-8240686092
B1402,P1816,UK183,2026-03-21 11:37:36.951,CANCELLED,E3322280,7E,Wishi Sathe,+91-8372468758
B1403,P1809,SJ203,2025-05-08 11:37:36.951,PENDING,E5892225,26A,Charan Jani,+91-9296538210
B1404,P1715,6F253,2026-03-07 11:37:36.951,UNKNOWN,Y5350637,16A,Amara Deep,+91-6670771783
B1405,P1483,AI100,2025-08-26 11:37:36.951,PENDING,B4674130,32F,Bhavna Sarma,+91-8346010547
B1406,P1449,6F140,2025-06-24 11:37:36.951,CONFIRMED,W4185201,15D,Vedhika Dara,+91-7530884687
B1407,P1522,UK048,2025-08-26 11:37:36.951,CONFIRMED,B8463975,25A,Ayush Khatri,+91-8884365796
B1408,P1870,SJ204,2025-07-29 11:37:36.951,CONFIRMED,J7055491,12F,Nathan Mukhopadhyay,+91-6495445629
B1409,P1353,UK105,2026-03-24 11:37:36.951,CONFIRMED,C6411955,28C,Akshay Reddy,+91-6711576973
B1410,P1985,AI098,2026-04-13 11:37:36.951,CONFIRMED,C9693957,32C,Girik Kar,+91-7164637244
B1411,P1657,6F013,2025-10-12 11:37:36.951,CANCELLED,T0204262,1A,Ishaan Shenoy,+91-9203180131
B1412,P1596,6F128,2025-11-18 11:37:36.951,CANCELLED,E1241393,28E,Jacob Dube,+91-9596881987
B1413,P1099,SJ038,2025-10-05 11:37:36.951,UNKNOWN,W9760987,14A,Wishi Manne,+91-7557803192
B1414,P1615,SJ182,2026-01-07 11:37:36.951,CONFIRMED,T7319227,25F,Yashodhara Mahajan,+91-6594331680
B1415,P1947,6F199,2026-03-22 11:37:36.951,PENDING,L9889786,23B,Ojasvi Subramanian,+91-7777493723
B1416,P1557,SJ187,2025-08-17 11:37:36.951,CANCELLED,X4319165,20B,Urmi Kohli,+91-6650286446
B1417,P1555,AI182,2025-08-18 11:37:36.951,PENDING,X5231202,8E,Tanmayi Dhillon,+91-6477927960
B1418,P1277,SJ027,2025-05-04 11:37:36.951,PENDING,A5764497,19D,Leela Halder,+91-6863394412
B1419,P1692,SJ062,2026-01-20 11:37:36.951,CONFIRMED,B0268764,20E,Yashoda Deshpande,+91-9633018119
B1420,P1698,SJ161,2026-02-24 11:37:36.951,CONFIRMED,N4979741,27B,Ekaraj Majumdar,+91-9473188349
B1421,P1989,UK058,2025-10-03 11:37:36.951,UNKNOWN,P0450063,23C,Oeshi Oak,+91-7604937587
B1422,P1625,AI181,2026-01-04 11:37:36.951,CANCELLED,G0964969,12D,Yashica Loke,+91-9184909552
B1423,P1490,AI003,2025-06-12 11:37:36.951,CONFIRMED,D9529635,14A,Aarnav Mandal,+91-8737334983
B1424,P1254,6F150,2025-11-05 11:37:36.951,CANCELLED,R0255128,11D,Chanchal Suri,+91-9824154194
B1425,P1380,SJ175,2025-06-28 11:37:36.951,CANCELLED,G6431594,34E,Manthan Sekhon,+91-8756833711
B1426,P1891,6F041,2025-12-15 11:37:36.951,CANCELLED,N5466345,17C,Veda Pai,+91-7430059164
B1427,P1541,SJ040,2026-04-15 11:37:36.951,CANCELLED,J1491699,16E,Gaurangi Purohit,+91-7995268098
B1428,P1263,6F020,2025-06-17 11:37:36.951,CONFIRMED,J4974394,27C,Tamanna Nagy,+91-6664599799
B1429,P1609,AI248,2025-05-08 11:37:36.951,CANCELLED,W2230958,27B,Ranbir Khare,+91-9876901643
B1430,P1824,SJ016,2026-02-08 11:37:36.951,CONFIRMED,G9889413,11A,Leela Kaur,+91-6916310947
B1431,P1878,UK204,2025-11-21 11:37:36.951,CONFIRMED,X7202170,31C,Nirja Bassi,+91-8656812572
B1432,P1328,6F211,2025-09-02 11:37:36.951,CANCELLED,M3465579,9B,Eesha Solanki,+91-6362458848
B1433,P1114,SJ166,2025-05-07 11:37:36.951,CONFIRMED,A0449646,5B,Lakshmi Raju,+91-7708353703
B1434,P1275,AI036,2025-10-19 11:37:36.951,PENDING,B0251213,30C,Max Tandon,+91-9482508755
B1435,P1487,SJ215,2025-09-18 11:37:36.951,CONFIRMED,V9635957,1E,Balhaar Date,+91-9965612470
B1436,P1280,AI076,2026-01-05 11:37:36.951,CONFIRMED,C9931458,20B,Yadavi Narula,+91-8847069786
B1437,P1274,SJ012,2025-11-28 11:37:36.951,CANCELLED,L6631138,24A,Harish Sarraf,+91-7418496956
B1438,P1772,AI073,2026-04-01 11:37:36.951,UNKNOWN,F3622033,20D,Harish Vora,+91-8296614578
B1439,P1842,SJ173,2025-11-09 11:37:36.951,CONFIRMED,J6310437,27E,Tanmayi Aurora,+91-9939055093
B1440,P1718,AI193,2026-03-09 11:37:36.951,CANCELLED,W0085294,25E,Maanas Rout,+91-6264272446
B1441,P1895,SJ131,2025-09-22 11:37:36.951,UNKNOWN,Z1774174,13A,Mohammed Borde,+91-8323165768
B1442,P1327,AI225,2025-06-02 11:37:36.951,PENDING,L0238502,11E,Upasna Lanka,+91-8553252524
B1443,P1210,AI190,2025-10-09 11:37:36.951,CANCELLED,N5275233,9E,Hamsini Rao,+91-7769594504
B1444,P1726,SJ238,2025-12-25 11:37:36.951,CONFIRMED,H0202569,7B,Faris Narasimhan,+91-7110695352
B1445,P1922,6F005,2025-12-21 11:37:36.951,PENDING,H0334677,5F,Lajita Nadig,+91-6819758689
B1446,P1551,UK136,2025-09-25 11:37:36.951,PENDING,P7507627,23C,Vinaya Banik,+91-7903580651
B1447,P1991,SJ063,2025-05-21 11:37:36.951,CONFIRMED,B2453012,15F,Ekapad Keer,+91-8976242839
B1448,P1025,6F175,2025-11-21 11:37:36.951,CANCELLED,T2303420,9E,Bhavna Karan,+91-8592259801
B1449,P1026,AI037,2025-05-23 11:37:36.951,PENDING,C9017222,19A,Gautam Saraf,+91-8162802828
B1450,P1701,UK225,2025-11-11 11:37:36.951,CONFIRMED,R6487177,21C,Guneet Chaudhry,+91-9213677953
B1451,P1082,AI141,2025-05-20 11:37:36.951,CONFIRMED,Y9240658,15E,Sachi Ganesan,+91-9265448759
B1452,P1895,6F172,2026-01-26 11:37:36.951,PENDING,T2581225,3E,Chandani Balakrishnan,+91-8513688446
B1453,P1945,6F219,2026-02-07 11:37:36.951,CANCELLED,N8448237,16F,Chakradhar Nair,+91-7584654326
B1454,P1681,AI045,2025-08-16 11:37:36.951,PENDING,X1212110,8E,Daksh Memon,+91-9651380104
B1455,P1412,AI198,2026-04-12 11:37:36.951,CONFIRMED,B3586901,30A,Jagrati Prasad,+91-9412832579
B1456,P1166,AI120,2025-04-24 11:37:36.951,PENDING,B3925199,17F,Raagini Dhingra,+91-8291343796
B1457,P1699,6F134,2025-06-11 11:37:36.951,CANCELLED,Y5171222,32D,Yash Wali,+91-8368192082
B1458,P1168,UK102,2025-11-19 11:37:36.951,CONFIRMED,H8722054,10B,Nisha Gole,+91-6503383841
B1459,P1800,SJ199,2025-06-10 11:37:36.951,CANCELLED,F6549633,1F,Onkar Gill,+91-7317278817
B1460,P1978,6F235,2025-10-01 11:37:36.951,PENDING,K4470488,32E,Farhan Raja,+91-8112609563
B1461,P1228,UK065,2025-10-14 11:37:36.951,PENDING,J7020596,33F,Wridesh Tank,+91-8176634497
B1462,P1978,6F135,2025-12-03 11:37:36.951,CANCELLED,Y5377492,26D,Luke Kata,+91-7271753941
B1463,P1608,SJ148,2026-02-10 11:37:36.951,PENDING,Y5634277,31C,Triya Kumar,+91-7271817988
B1464,P1366,AI083,2026-03-07 11:37:36.951,CANCELLED,M9206165,6B,Tripti Kumer,+91-7129825287
B1465,P1527,UK024,2025-07-02 11:37:36.951,PENDING,Z5922941,5C,Aditya Shroff,+91-9334469035
B1466,P1790,UK220,2025-04-27 11:37:36.951,CANCELLED,B2955963,28B,Bhavna Dugar,+91-9817662257
B1467,P1646,UK115,2025-04-30 11:37:36.951,CANCELLED,E6294206,25A,Ethan Sathe,+91-8812154253
B1468,P1537,AI255,2025-07-16 11:37:36.951,CONFIRMED,J9808513,14F,Hemani Mistry,+91-6339482325
B1469,P1863,6F001,2025-12-25 11:37:36.951,CONFIRMED,Z8004983,11A,Panini Krishna,+91-6289816316
B1470,P1523,6F132,2025-05-27 11:37:36.951,CANCELLED,E1215481,24E,Tanmayi Mittal,+91-7567550375
B1471,P1071,UK184,2026-03-28 11:37:36.951,PENDING,W6876401,8E,Rushil Rajagopalan,+91-8381474844
B1472,P1644,6F098,2025-06-06 11:37:36.951,PENDING,W8064420,3D,Vasudha Chhabra,+91-7712051373
B1473,P1105,SJ168,2025-07-19 11:37:36.951,PENDING,V7787358,21F,Warjas Raj,+91-9784838854
B1474,P1731,SJ178,2025-07-28 11:37:36.951,CANCELLED,N4641962,14C,Jagrati Merchant,+91-7220036881
B1475,P1884,UK111,2026-03-07 11:37:36.951,CANCELLED,Y2622132,2C,Chakrika Bains,+91-6148825334
B1476,P1964,SJ051,2026-02-27 11:37:36.951,CANCELLED,K2948314,32E,Meghana Maharaj,+91-6196687876
B1477,P1688,SJ193,2025-07-06 11:37:36.951,CANCELLED,T9726999,18E,Abhiram Bawa,+91-6799744320
B1478,P1281,SJ039,2026-02-24 11:37:36.951,CONFIRMED,F8318003,28D,Watika Mangat,+91-9122480683
B1479,P1132,UK066,2025-12-17 11:37:36.951,CANCELLED,F0005328,22B,Victor Pandey,+91-9302456229
B1480,P1533,SJ050,2026-03-14 11:37:36.951,PENDING,D0505243,34B,Theodore Gupta,+91-6481476905
B1481,P1974,6F052,2025-06-11 11:37:36.951,CONFIRMED,W2692990,4D,Zashil Devan,+91-9673358664
B1482,P1268,SJ170,2025-08-29 11:37:36.951,PENDING,P2763328,14E,Gunbir Baral,+91-9822816092
B1483,P1411,SJ119,2025-06-09 11:37:36.951,UNKNOWN,G3761851,26B,Dayamai Sastry,+91-9588419169
B1484,P1672,AI219,2025-05-07 11:37:36.951,CONFIRMED,D3684101,13B,Bahadurjit Patla,+91-7315956412
B1485,P1618,6F220,2025-07-05 11:37:36.951,CANCELLED,H9218835,12D,Karan Chana,+91-6667316833
B1486,P1790,AI207,2025-05-04 11:37:36.951,CONFIRMED,T5067761,3D,Chakrika Narain,+91-8986397259
B1487,P1864,6F024,2026-01-26 11:37:36.951,PENDING,X2088143,5E,Ojasvi Gill,+91-7601532871
B1488,P1746,SJ073,2025-05-04 11:37:36.951,CANCELLED,Y7617815,27E,Sai Deo,+91-7680913418
B1489,P1017,SJ201,2025-07-08 11:37:36.951,CANCELLED,K5720266,24F,Jasmit Wali,+91-9673234879
B1490,P1753,AI180,2026-03-10 11:37:36.951,CONFIRMED,N2959125,29B,Yachana Mahajan,+91-8762222386
B1491,P1116,UK022,2025-07-16 11:37:36.951,CONFIRMED,V9925539,18F,Nitesh Kurian,+91-9774604694
B1492,P1797,AI202,2026-03-27 11:37:36.951,CANCELLED,Z0742990,29C,Vasatika Merchant,+91-9253243773
B1493,P1793,6F212,2025-06-01 11:37:36.952,CONFIRMED,Y6694179,26D,Hamsini Contractor,+91-6703910915
B1494,P1143,6F163,2025-06-09 11:37:36.952,CANCELLED,A8974748,23F,Upadhriti Borra,+91-8535539861
B1495,P1716,UK028,2025-10-15 11:37:36.952,CONFIRMED,J1839841,27D,Lohit Kara,+91-7410284823
B1496,P1550,6F243,2026-03-21 11:37:36.952,PENDING,R8536988,7D,Mekhala Pau,+91-8933659307
B1497,P1928,AI165,2025-09-02 11:37:36.952,CONFIRMED,X8044509,11F,Gautam Rana,+91-9110643751
B1498,P1665,UK099,2025-07-18 11:37:36.952,PENDING,L2102627,3D,Akshay Lalla,+91-9411254113
B1499,P1687,AI033,2025-06-17 11:37:36.952,UNKNOWN,W9008248,17C,Jatin Sha,+91-6926966364
B1500,P1960,UK056,2025-04-30 11:37:36.952,CONFIRMED,H0889830,22D,Jyoti Lala,+91-8815925186
B1501,P1752,SJ122,2025-09-04 11:37:36.952,CANCELLED,W8399741,23D,Lakshmi Prabhu,+91-7115643227
B1502,P1421,AI086,2025-10-15 11:37:36.952,CONFIRMED,E7500030,23F,Hritik Kaur,+91-9915799285
B1503,P1897,SJ011,2025-10-17 11:37:36.952,CONFIRMED,N1995305,25C,Urishilla Bakshi,+91-6699103000
B1504,P1368,SJ021,2025-04-21 11:37:36.952,PENDING,J9378467,4E,Falak Kant,+91-9874182210
B1505,P1645,SJ106,2025-11-29 11:37:36.952,CONFIRMED,A1872600,8F,Dev Shetty,+91-7559268147
B1506,P1557,SJ026,2026-01-29 11:37:36.952,CANCELLED,M1034444,9E,Chasmum Rege,+91-6522404300
B1507,P1049,SJ245,2025-11-27 11:37:36.952,PENDING,T4568652,20A,Jackson Dey,+91-9252217266
B1508,P1677,AI023,2025-07-31 11:37:36.952,UNKNOWN,E1559967,9C,Chakradev Barad,+91-9924760857
B1509,P1105,AI032,2025-09-25 11:37:36.952,CANCELLED,F2219053,14F,Daksha Tailor,+91-8571992022
B1510,P1215,AI236,2025-05-11 11:37:36.952,CANCELLED,A4747648,19F,Jack Chatterjee,+91-8499824326
B1511,P1657,6F094,2025-12-24 11:37:36.952,CANCELLED,Y3965213,15C,Wahab Yogi,+91-6625165952
B1512,P1922,UK163,2025-12-21 11:37:36.952,PENDING,C2455312,4A,Krishna Rama,+91-7523469229
B1513,P1424,UK163,2025-06-30 11:37:36.952,CONFIRMED,E2117327,32B,Sudiksha Prabhakar,+91-9929359146
B1514,P1071,SJ045,2025-05-07 11:37:36.952,CANCELLED,J8839585,21E,Oni Dubey,+91-8283576774
B1515,P1987,SJ006,2025-07-06 11:37:36.952,PENDING,F9425251,26A,Oeshi Chaudhary,+91-8625331986
B1516,P1841,SJ103,2025-08-05 11:37:36.952,CANCELLED,M9171050,34F,Vrishti Reddy,+91-6490061214
B1517,P1784,6F221,2026-01-16 11:37:36.952,UNKNOWN,K9147744,31B,Ati Bali,+91-8785722215
B1518,P1758,SJ147,2026-03-20 11:37:36.952,UNKNOWN,G5247841,30A,Kamala Kalla,+91-8723394061
B1519,P1445,SJ064,2026-03-25 11:37:36.952,PENDING,K9734493,3C,Sachi Saxena,+91-7624340765
B1520,P1924,AI028,2026-04-02 11:37:36.952,CONFIRMED,V8033183,27A,Warinder Patil,+91-6839143299
B1521,P1185,AI148,2025-11-08 11:37:36.952,PENDING,G3892608,31E,Hardik Pillai,+91-7971969694
B1522,P1069,6F263,2025-08-31 11:37:36.952,CONFIRMED,W1527873,1C,Jagrati Bhat,+91-9297519631
B1523,P1973,SJ067,2025-05-19 11:37:36.952,PENDING,L1521746,21F,Mitali Majumdar,+91-7451583458
B1524,P1149,6F061,2025-06-17 11:37:36.952,PENDING,H7801891,23D,Ranveer Das,+91-9301854363
B1525,P1245,AI254,2025-05-29 11:37:36.952,UNKNOWN,K4671776,11E,Suhani Chand,+91-9732273227
B1526,P1773,SJ136,2025-11-15 11:37:36.952,CONFIRMED,C4336299,17D,Simon Bail,+91-9381312969
B1527,P1537,AI046,2025-07-09 11:37:36.952,PENDING,L0999900,8A,Chandresh Nath,+91-8615063822
B1528,P1934,UK174,2026-03-28 11:37:36.952,PENDING,H9083521,6E,Yagnesh Dass,+91-9812504067
B1529,P1651,6F066,2025-04-30 11:37:36.952,UNKNOWN,V4424648,34C,Samesh Biswas,+91-9725818533
B1530,P1098,UK095,2025-12-08 11:37:36.952,UNKNOWN,M7285759,23E,Sarthak Kalita,+91-7656534054
B1531,P1909,6F063,2026-04-01 11:37:36.952,PENDING,D9022179,30F,Viraj Narasimhan,+91-6980470108
B1532,P1277,UK118,2025-04-22 11:37:36.952,PENDING,E4883971,30A,Manbir Agate,+91-8905964314
B1533,P1562,UK218,2025-09-15 11:37:36.952,PENDING,X8445143,28D,Aradhana Dhillon,+91-7661644584
B1534,P1662,UK031,2025-09-11 11:37:36.952,CONFIRMED,N8112303,34E,Kalpit Zachariah,+91-8907438286
B1535,P1943,UK142,2026-04-02 11:37:36.952,PENDING,P8119397,6C,Zashil Ghosh,+91-8718945314
B1536,P1454,AI002,2025-06-01 11:37:36.952,UNKNOWN,A0992177,4C,Imaran Bal,+91-8258706512
B1537,P1103,UK070,2025-10-08 11:37:36.952,CONFIRMED,W6693351,21F,Karan Aurora,+91-6910185625
B1538,P1945,SJ121,2026-03-17 11:37:36.952,PENDING,R0532601,8E,Ishita Khanna,+91-7945319144
B1539,P1600,UK201,2025-06-11 11:37:36.952,CONFIRMED,X1038297,20B,Ekiya Babu,+91-8475339059
B1540,P1652,AI138,2026-01-15 11:37:36.952,CANCELLED,D3609085,7E,Owen Lanka,+91-6145866491
B1541,P1724,SJ014,2025-12-16 11:37:36.952,CONFIRMED,K5024373,26A,Charles Date,+91-8848569845
B1542,P1232,SJ053,2025-12-13 11:37:36.952,PENDING,V7366271,14F,Oviya Vora,+91-8647240037
B1543,P1393,SJ241,2025-06-16 11:37:36.952,CANCELLED,Y6933539,4F,Ishaan Bhatt,+91-6772840271
B1544,P1500,AI249,2025-09-01 11:37:36.952,CANCELLED,L8561547,16A,Vamakshi Sen,+91-8514286093
B1545,P1694,AI176,2026-03-08 11:37:36.952,PENDING,N3979255,8A,Janaki Varghese,+91-9411575520
B1546,P1250,SJ234,2026-04-02 11:37:36.952,PENDING,H6902837,32B,Ikbal Seth,+91-9130250567
B1547,P1520,6F115,2025-04-18 11:37:36.952,PENDING,F8966605,16C,Yahvi Kant,+91-7659677207
B1548,P1078,AI020,2025-10-04 11:37:36.952,CONFIRMED,C6441610,7E,Caleb Verma,+91-9447172739
B1549,P1051,AI020,2025-12-16 11:37:36.952,CONFIRMED,Z3584640,24A,Charvi Shanker,+91-6302839899
B1550,P1897,6F079,2025-12-06 11:37:36.952,CONFIRMED,W8027304,10D,Azaan Bhat,+91-9323908049
B1551,P1920,6F104,2025-11-14 11:37:36.952,UNKNOWN,P2814447,8E,Varenya Ratti,+91-7735631188
B1552,P1780,UK046,2026-02-06 11:37:36.952,PENDING,L3096906,32D,Pooja Chokshi,+91-8846435811
B1553,P1225,SJ217,2025-11-15 11:37:36.952,CONFIRMED,Y0922884,33D,Vritti Sawhney,+91-8443491142
B1554,P1050,6F142,2025-08-26 11:37:36.952,CANCELLED,M1358727,8D,Ethan Buch,+91-8311039652
B1555,P1185,SJ139,2026-04-04 11:37:36.952,CONFIRMED,A6881164,3B,Ekanta Divan,+91-8323622397
B1556,P1033,6F059,2026-01-18 11:37:36.952,CANCELLED,X8818738,31D,Dominic Date,+91-8649722837
B1557,P1802,6F067,2025-08-10 11:37:36.952,PENDING,H3364770,17A,Anvi Nair,+91-7870366950
B1558,P1741,AI007,2025-08-07 11:37:36.952,PENDING,A9091538,27A,Lakshmi Wali,+91-7685136792
B1559,P1130,UK202,2026-01-20 11:37:36.952,CONFIRMED,E6254204,5F,Chaitaly Setty,+91-7349799332
B1560,P1631,AI200,2026-03-07 11:37:36.952,CONFIRMED,C9057720,18C,Yashasvi Sani,+91-6121131527
B1561,P1442,UK172,2026-01-27 11:37:36.952,PENDING,B7941932,18C,Hardik Contractor,+91-7691458123
B1562,P1837,6F214,2025-05-01 11:37:36.952,CONFIRMED,Z1097941,10B,Tanveer Sani,+91-8684100671
B1563,P1758,UK037,2025-09-11 11:37:36.952,PENDING,R0987264,27B,Siya Kari,+91-7290542002
B1564,P1431,AI022,2025-08-14 11:37:36.952,PENDING,M1742240,17F,Odika Nori,+91-7285103793
B1565,P1703,AI243,2026-02-06 11:37:36.952,CANCELLED,P1189003,20D,Sudiksha Rastogi,+91-9206533185
B1566,P1496,SJ174,2025-10-08 11:37:36.952,CONFIRMED,N3070286,29F,Ojasvi Chandran,+91-7160226762
B1567,P1402,SJ079,2025-11-13 11:37:36.952,PENDING,E0095366,9A,Dhriti Sane,+91-8311091070
B1568,P1322,UK097,2025-12-21 11:37:36.952,CONFIRMED,P8900577,21A,Dhriti Kumer,+91-6202842658
B1569,P1209,AI013,2025-12-26 11:37:36.952,CANCELLED,T3259007,14E,Kavya Dua,+91-9196073310
B1570,P1614,UK196,2025-11-21 11:37:36.952,CANCELLED,G0722113,25E,Urvi Bhavsar,+91-6898052605
B1571,P1328,SJ213,2025-11-06 11:37:36.952,CONFIRMED,V7167221,2C,Gavin Chada,+91-8862297878
B1572,P1371,UK119,2025-05-26 11:37:36.952,CONFIRMED,J6171928,5D,Girik Sankaran,+91-6588325075
B1573,P1459,AI043,2026-03-18 11:37:36.952,PENDING,J4360234,19B,Gopal Pradhan,+91-7487133229
B1574,P1132,AI043,2025-04-29 11:37:36.952,CANCELLED,E1602523,18A,Kalpit Bhasin,+91-7886589310
B1575,P1834,AI143,2025-06-16 11:37:36.952,CANCELLED,A9447726,2B,Forum Das,+91-7551686952
B1576,P1650,SJ032,2025-10-20 11:37:36.952,UNKNOWN,Z5513276,6F,Nirja Pandya,+91-9747120459
B1577,P1120,6F050,2026-01-24 11:37:36.952,CONFIRMED,K8024559,23A,Pallavi Behl,+91-9139787918
B1578,P1605,AI134,2025-12-25 11:37:36.952,PENDING,E1191589,6B,Bhavna Muni,+91-9680349506
B1579,P1451,6F182,2025-04-24 11:37:36.952,CONFIRMED,N4986478,28E,Indira Chawla,+91-9236259676
B1580,P1964,SJ086,2025-10-08 11:37:36.952,CONFIRMED,G7600884,20D,Yashica Kala,+91-8125378537
B1581,P1128,6F170,2025-08-06 11:37:36.952,CONFIRMED,V3781919,3D,Mohammed Subramaniam,+91-8765409860
B1582,P1090,UK168,2025-04-24 11:37:36.952,PENDING,X2164006,34B,Udarsh Chokshi,+91-9752759275
B1583,P1603,SJ072,2026-02-22 11:37:36.952,UNKNOWN,Z2353484,33D,Inaya Pillai,+91-8582160940
B1584,P1574,UK075,2025-04-28 11:37:36.952,CANCELLED,B8213986,21C,Ishwar Mallick,+91-9301317633
B1585,P1028,6F233,2026-01-08 11:37:36.952,CANCELLED,E0212372,1C,Upkaar Sanghvi,+91-8101599970
B1586,P1721,SJ143,2025-11-13 11:37:36.952,CANCELLED,G3000088,25B,Atharv Loke,+91-8898624180
B1587,P1523,SJ246,2025-06-28 11:37:36.952,PENDING,N7391900,34E,Ayush Gole,+91-6230264298
B1588,P1332,SJ247,2025-11-04 11:37:36.952,CONFIRMED,J1600916,10B,Anjali More,+91-7836061813
B1589,P1296,UK157,2025-08-31 11:37:36.952,PENDING,T3798979,3D,Harinakshi Panchal,+91-6681728641
B1590,P1129,UK069,2026-04-01 11:37:36.952,CONFIRMED,L4818674,25B,Abeer Golla,+91-6154398124
B1591,P1292,AI106,2025-11-20 11:37:36.952,CANCELLED,A9984336,8A,Luke Rattan,+91-7578533665
B1592,P1172,UK085,2025-11-17 11:37:36.952,CONFIRMED,C1815198,24F,Ekaraj Dhar,+91-8454040691
B1593,P1719,6F087,2025-09-24 11:37:36.952,UNKNOWN,V2942034,1A,Azaan Chand,+91-8318456311
B1594,P1943,AI067,2025-06-01 11:37:36.952,CONFIRMED,L3466075,25E,Tanveer Puri,+91-8404280775
B1595,P1023,6F226,2026-01-07 11:37:36.952,PENDING,X4667201,4E,Oni Setty,+91-7386685375
B1596,P1098,SJ210,2025-12-20 11:37:36.952,CONFIRMED,Z0281822,15E,Harita Dugar,+91-9740447815
B1597,P1405,6F269,2025-10-23 11:37:36.952,CONFIRMED,K0262085,33A,Kala Muni,+91-9381406201
B1598,P1355,UK013,2026-01-02 11:37:36.952,CONFIRMED,L2735364,11B,Ekta Chad,+91-8587944577
B1599,P1138,UK013,2025-09-30 11:37:36.952,PENDING,A0412918,9E,Charles Dugal,+91-8215086733
B1600,P1502,UK143,2025-07-20 11:37:36.952,PENDING,W1612559,2C,Nakul Bawa,+91-9222859966
B1601,P1825,6F262,2025-09-07 11:37:36.952,PENDING,B0792304,28D,Finn Magar,+91-6157748100
B1602,P1173,6F042,2025-07-07 11:37:36.952,UNKNOWN,C2838271,2A,Saanvi Samra,+91-7315289344
B1603,P1028,SJ118,2025-12-06 11:37:36.952,CANCELLED,E9615120,17E,Vedika Sathe,+91-8112378468
B1604,P1930,SJ118,2025-11-17 11:37:36.952,CANCELLED,T6653446,3C,Oeshi Mahajan,+91-7254969471
B1605,P1495,SJ082,2025-10-03 11:37:36.952,CANCELLED,R6346019,6C,Tanveer Vala,+91-7107348238
B1606,P1654,6F015,2025-07-18 11:37:36.952,CONFIRMED,M7347243,23E,Ishaan Pai,+91-9189200192
B1607,P1827,AI101,2026-02-02 11:37:36.952,UNKNOWN,T6822512,30F,Qushi Choudhry,+91-7523313146
B1608,P1350,SJ110,2025-06-28 11:37:36.952,CANCELLED,R0866656,10B,Bhanumati Sur,+91-8182236165
B1609,P1553,SJ042,2025-10-21 11:37:36.952,CANCELLED,Y7687849,19D,Darika Bath,+91-9991065414
B1610,P1298,6F145,2025-10-13 11:37:36.952,CONFIRMED,C2903500,27A,Thomas Rana,+91-8637513593
B1611,P1719,UK029,2026-01-05 11:37:36.952,CANCELLED,X7422354,14C,Christopher Amble,+91-6429894892
B1612,P1841,SJ200,2025-04-18 11:37:36.952,CANCELLED,P6821215,28C,Samarth Mitra,+91-8275693103
B1613,P1944,SJ209,2026-01-29 11:37:36.952,CONFIRMED,M4920644,6A,Siddharth Devan,+91-6820030449
B1614,P1191,AI116,2025-05-11 11:37:36.952,UNKNOWN,Y7388182,30B,Aadhya Mann,+91-6818000528
B1615,P1671,6F117,2025-05-23 11:37:36.952,CANCELLED,P3435948,33B,Falak Dar,+91-6667188111
B1616,P1063,SJ181,2025-12-23 11:37:36.952,PENDING,V4968066,17A,Abhimanyu Tank,+91-8205591327
B1617,P1754,AI070,2025-05-10 11:37:36.952,UNKNOWN,D0212543,18A,Qushi Gill,+91-7365358704
B1618,P1769,AI070,2026-01-19 11:37:36.952,CONFIRMED,A1604986,1B,Kai Rai,+91-9252769430
B1619,P1663,UK042,2026-02-05 11:37:36.952,PENDING,D8600320,13A,Victor Tella,+91-9691372740
B1620,P1214,AI169,2026-02-24 11:37:36.952,PENDING,X9901140,1B,Irya Bora,+91-8609859727
B1621,P1833,6F021,2025-12-21 11:37:36.952,PENDING,D3171978,27A,Mekhala Basak,+91-6776823445
B1622,P1165,SJ046,2025-06-23 11:37:36.952,PENDING,N2590841,19F,Rajata Bahl,+91-9982052713
B1623,P1542,AI211,2025-08-17 11:37:36.952,CANCELLED,V5501137,22B,Tripti Brahmbhatt,+91-8669200353
B1624,P1882,SJ091,2025-12-20 11:37:36.952,CANCELLED,F1072887,34F,Dhriti Sanghvi,+91-6606455944
B1625,P1231,AI123,2026-04-05 11:37:36.952,PENDING,E7903716,7D,Nidhi Sahni,+91-6693268999
B1626,P1793,6F053,2025-04-17 11:37:36.952,CANCELLED,V1972239,25C,Bimala Contractor,+91-9626573732
B1627,P1540,UK012,2026-01-09 11:37:36.952,PENDING,D8375307,27E,Nidhi Bail,+91-6107488394
B1628,P1194,6F023,2025-11-25 11:37:36.952,PENDING,F4808557,33A,Ekta Garg,+91-6282231638
B1629,P1505,AI250,2026-01-02 11:37:36.952,CONFIRMED,Z4432362,11A,Triveni Pathak,+91-9728225072
B1630,P1333,AI238,2026-04-07 11:37:36.952,PENDING,B6968574,26F,Gaurang Sarkar,+91-9121392269
B1631,P1767,UK096,2026-02-17 11:37:36.952,CANCELLED,N7516913,24F,Hitesh Kohli,+91-7196038353
B1632,P1792,UK126,2026-03-30 11:37:36.952,PENDING,L0164261,1D,Rajata Rattan,+91-6333630781
B1633,P1303,SJ195,2025-08-30 11:37:36.952,CONFIRMED,G5084243,8E,Farhan Randhawa,+91-7720501769
B1634,P1832,SJ171,2025-12-25 11:37:36.952,CANCELLED,E4848130,1C,Dayita Nori,+91-6893055198
B1635,P1436,AI136,2025-08-14 11:37:36.952,UNKNOWN,P9105302,7C,Timothy Nath,+91-6504861859
B1636,P1322,SJ192,2025-05-27 11:37:36.952,CONFIRMED,T5864633,22B,Om Bose,+91-8690504980
B1637,P1501,6F035,2025-12-01 11:37:36.952,PENDING,C1050147,27C,Yashvi Comar,+91-7626760528
B1638,P1857,UK088,2026-02-23 11:37:36.952,CONFIRMED,V9615738,22C,Yashvi Hari,+91-6246904781
B1639,P1913,6F009,2025-09-14 11:37:36.952,CONFIRMED,W1775123,24E,Ikshita Panchal,+91-9644053873
B1640,P1392,6F004,2026-01-28 11:37:36.952,CANCELLED,D5542609,30B,Manbir Keer,+91-7888504451
B1641,P1805,UK122,2026-03-27 11:37:36.952,UNKNOWN,N0244654,28D,Harshil Dhingra,+91-9251769571
B1642,P1598,AI251,2026-02-15 11:37:36.952,PENDING,B5171073,4E,Aahana Hora,+91-9231536644
B1643,P1148,AI027,2026-02-04 11:37:36.952,PENDING,M6478370,14A,Oscar Dua,+91-9441503774
B1644,P1760,SJ165,2025-10-20 11:37:36.952,PENDING,K3802741,20E,Faqid Goel,+91-8857715792
B1645,P1832,UK081,2025-08-16 11:37:36.952,CONFIRMED,R2602925,17D,Wakeeta Shetty,+91-9258377529
B1646,P1404,UK191,2025-09-27 11:37:36.952,CANCELLED,R2884076,28C,Saumya Naidu,+91-7111044076
B1647,P1282,SJ188,2025-11-06 11:37:36.952,PENDING,R6327135,14F,Diya Dora,+91-9610980840
B1648,P1361,6F016,2025-08-09 11:37:36.952,CONFIRMED,P2592386,33D,Ria Bir,+91-6536408368
B1649,P1378,6F064,2026-04-05 11:37:36.952,PENDING,A4886932,4F,Upasna Sathe,+91-8937703414
B1650,P1197,SJ105,2026-04-03 11:37:36.952,UNKNOWN,M3405089,10D,Chavvi Maharaj,+91-7720311933
B1651,P1555,SJ054,2025-09-09 11:37:36.952,CANCELLED,P1597640,21B,Daksh Pandey,+91-8541838199
B1652,P1355,6F197,2025-12-19 11:37:36.952,PENDING,R0789775,23C,Yashica Borah,+91-7568510269
B1653,P1539,AI040,2026-03-26 11:37:36.952,CANCELLED,C9038422,31B,Dayita Shenoy,+91-9904854504
B1654,P1428,AI131,2025-08-14 11:37:36.952,UNKNOWN,E7320222,31A,Siya Barad,+91-6917736787
B1655,P1016,6F141,2025-10-09 11:37:36.952,PENDING,C7576917,7D,Dakshesh Pillay,+91-7161424650
B1656,P1638,UK035,2025-05-12 11:37:36.952,CONFIRMED,K2985144,26E,Bhavini Bose,+91-7134769841
B1657,P1378,AI005,2025-08-28 11:37:36.952,CONFIRMED,M2169039,12B,Gautam Tripathi,+91-6293469851
B1658,P1679,AI001,2025-06-22 11:37:36.952,CONFIRMED,P9801426,18D,Leena Shere,+91-6165015091
B1659,P1505,UK211,2026-01-17 11:37:36.952,PENDING,P8017703,6D,Benjamin Sengupta,+91-7578511131
B1660,P1755,SJ189,2026-04-04 11:37:36.952,CANCELLED,B5004933,12D,Raghav Nagy,+91-9297074370
B1661,P1898,UK006,2025-04-21 11:37:36.952,PENDING,J4693172,18D,Vamakshi Thaker,+91-9359486864
B1662,P1075,6F189,2025-10-13 11:37:36.952,CONFIRMED,W0839065,17A,Matthew Bhatia,+91-7475588498
B1663,P1230,AI133,2025-05-16 11:37:36.952,CANCELLED,Y9851939,15B,Shravya Chauhan,+91-9852386291
B1664,P1715,SJ216,2025-11-08 11:37:36.952,CONFIRMED,F7281291,25B,Hemal Chad,+91-8800313111
B1665,P1961,SJ133,2026-03-04 11:37:36.952,CANCELLED,B4960266,29D,Yamini Gera,+91-8984830703
B1666,P1247,UK082,2026-03-05 11:37:36.952,PENDING,F7284539,32C,Balveer Kota,+91-8125120106
B1667,P1301,6F136,2026-02-16 11:37:36.952,CANCELLED,R0886406,32C,Raksha Sarna,+91-9123300625
B1668,P1725,6F039,2025-04-30 11:37:36.952,PENDING,F0801929,3B,Nathan Patla,+91-7928549908
B1669,P1214,AI011,2025-06-16 11:37:36.952,CONFIRMED,C5439044,3E,Kashish Mandal,+91-7286136069
B1670,P1157,SJ225,2025-05-12 11:37:36.952,CANCELLED,F5333202,16C,Lila Rege,+91-6143741026
B1671,P1068,SJ024,2025-07-08 11:37:36.952,CONFIRMED,E5550193,22C,Hamsini Ben,+91-8954928950
B1672,P1392,AI109,2025-08-01 11:37:36.952,CANCELLED,B3698884,14E,Gaurika Bhatti,+91-7910731994
B1673,P1084,AI147,2025-06-12 11:37:36.952,UNKNOWN,H3243629,28B,Forum Chandra,+91-6971712711
B1674,P1266,UK057,2025-11-03 11:37:36.952,CANCELLED,W0598312,18C,Libni Mander,+91-6273615782
B1675,P1068,6F111,2025-08-01 11:37:36.952,CANCELLED,X0759659,9A,Zayyan Doctor,+91-6253161692
B1676,P1610,AI197,2026-04-14 11:37:36.952,PENDING,H7631774,24C,Gauri Bumb,+91-7170401522
B1677,P1346,UK127,2026-01-31 11:37:36.952,PENDING,A6294193,29C,Lohit Palla,+91-6729166384
B1678,P1961,6F240,2025-12-31 11:37:36.952,PENDING,E2671317,24B,Dayita Ramanathan,+91-9237555813
B1679,P1727,6F257,2025-08-17 11:37:36.952,CANCELLED,P4752864,25A,Kai Chad,+91-7852928728
B1680,P1926,AI253,2026-03-19 11:37:36.952,UNKNOWN,A9617300,11F,Dayita Puri,+91-8438663589
B1681,P1672,SJ135,2026-04-02 11:37:36.952,CANCELLED,E4032115,15C,Falguni Datta,+91-8110665577
B1682,P1422,UK112,2025-07-10 11:37:36.952,CANCELLED,L1432191,20B,Girik Sampath,+91-6655580562
B1683,P1605,AI050,2025-08-07 11:37:36.952,CONFIRMED,R7972479,9C,Yashoda Pathak,+91-8240974031
B1684,P1173,UK060,2025-11-18 11:37:36.952,PENDING,E1883458,8E,Andrew Patil,+91-7890224337
B1685,P1676,SJ183,2025-05-15 11:37:36.952,CANCELLED,A4877067,25E,Dayamai Gole,+91-7324379394
B1686,P1114,UK138,2025-11-17 11:37:36.952,CONFIRMED,H2998651,23E,Tanish Om,+91-6278165076
B1687,P1219,SJ071,2025-10-12 11:37:36.952,PENDING,L7846408,22F,Vedika Handa,+91-8889458889
B1688,P1955,AI057,2025-06-14 11:37:36.952,PENDING,V8382567,9D,Upkaar Devan,+91-7119316032
B1689,P1030,SJ151,2025-07-10 11:37:36.952,CANCELLED,V4672925,20B,Mohammed Brahmbhatt,+91-8891469943
B1690,P1522,SJ144,2025-06-28 11:37:36.952,PENDING,M1962822,12C,Chakrika Chaudhuri,+91-6910655739
B1691,P1342,SJ087,2026-01-23 11:37:36.952,PENDING,D8256247,12E,Yashica Zacharia,+91-9302618246
B1692,P1376,SJ066,2026-04-02 11:37:36.952,CONFIRMED,X4201223,18A,Baljiwan Nayar,+91-8711744649
B1693,P1129,AI247,2026-01-02 11:37:36.952,CONFIRMED,X2900966,11F,Karan Puri,+91-9142689241
B1694,P1999,SJ102,2026-04-01 11:37:36.952,PENDING,E6604509,24D,Mitesh Gaba,+91-7298762013
B1695,P1616,6F252,2026-04-13 11:37:36.952,CONFIRMED,C7400391,4F,Pratyush Gandhi,+91-6717316531
B1696,P1538,6F055,2025-11-28 11:37:36.952,PENDING,H3538922,11C,Raksha Bassi,+91-9200551789
B1697,P1738,AI204,2025-11-12 11:37:36.952,CANCELLED,C9360060,34B,Nirja Patla,+91-9621681258
B1698,P1001,AI016,2026-02-02 11:37:36.952,CONFIRMED,B5646160,31D,Wazir Sawhney,+91-7519749640
B1699,P1870,AI209,2025-12-11 11:37:36.952,PENDING,K3850095,15D,Bhavani Sen,+91-7314625089
B1700,P1100,SJ211,2026-01-04 11:37:36.952,PENDING,J6176231,14B,Vivaan Walla,+91-9223121891
B1701,P1532,6F103,2025-10-16 11:37:36.952,CONFIRMED,A9441642,13F,William More,+91-6517781575
B1702,P1057,UK182,2025-04-22 11:37:36.952,CONFIRMED,M4413727,31F,Upasna Hari,+91-9661952340
B1703,P1388,6F264,2025-12-25 11:37:36.952,CANCELLED,M7606349,19B,Jhalak Sastry,+91-6979168483
B1704,P1691,6F027,2025-07-23 11:37:36.952,PENDING,J6175518,29A,Triya Manda,+91-6997533747
B1705,P1940,UK198,2026-01-31 11:37:36.952,CANCELLED,T9993242,3B,Lavanya Thakkar,+91-8701684029
B1706,P1340,6F171,2025-09-07 11:37:36.952,CANCELLED,H7444172,15C,Omya Edwin,+91-8559991687
B1707,P1860,AI004,2025-07-05 11:37:36.952,CANCELLED,L3869479,1B,Ryan Devi,+91-8415059365
B1708,P1019,6F157,2025-11-22 11:37:36.952,CONFIRMED,W5362689,3C,Zashil Ben,+91-9285710743
B1709,P1254,AI018,2025-10-03 11:37:36.952,CANCELLED,G8641009,22B,Vasana Prabhu,+91-8771970661
B1710,P1316,UK098,2025-08-05 11:37:36.952,CONFIRMED,L7421643,21E,Harshil Varty,+91-6996820381
B1711,P1037,6F167,2026-01-29 11:37:36.952,UNKNOWN,B9378146,4C,Jeet Mane,+91-9795294431
B1712,P1659,AI228,2025-09-06 11:37:36.952,CANCELLED,Z6143788,17C,Fiyaz Dyal,+91-7590739130
B1713,P1536,SJ242,2025-08-31 11:37:36.952,CANCELLED,B6618756,17D,Anjali Sengupta,+91-9241061328
B1714,P1385,6F227,2025-12-11 11:37:36.952,PENDING,N3681541,34C,Yochana Din,+91-6164221002
B1715,P1632,6F037,2025-08-27 11:37:36.952,CANCELLED,E7729108,20C,Rajeshri Chand,+91-6848939547
B1716,P1927,6F107,2025-12-22 11:37:36.952,PENDING,R8604356,28A,Tristan Seshadri,+91-8139196925
B1717,P1025,SJ125,2025-11-06 11:37:36.952,CANCELLED,H3746983,14A,Ikshita Bala,+91-9618667746
B1718,P1453,UK117,2025-06-17 11:37:36.952,CANCELLED,Z7306718,9B,Oeshi Bera,+91-7551647696
B1719,P1680,6F192,2025-11-12 11:37:36.952,CANCELLED,P7941908,29E,Meghana Thakkar,+91-9453365025
B1720,P1322,AI201,2025-11-27 11:37:36.952,CANCELLED,G8590673,27B,Kashvi Keer,+91-8829862378
B1721,P1736,SJ126,2026-03-25 11:37:36.952,PENDING,F8987605,21A,Libni Bumb,+91-8713108415
B1722,P1512,AI177,2026-02-10 11:37:36.952,PENDING,E2170486,5E,Kavya Kapur,+91-9833144457
B1723,P1818,AI092,2025-12-23 11:37:36.952,CANCELLED,R0663201,26B,Ayaan Nagar,+91-6609561969
B1724,P1772,6F076,2025-10-10 11:37:36.952,CANCELLED,G9928919,11D,Hardik Nayak,+91-6703284296
B1725,P1012,AI185,2025-04-29 11:37:36.952,PENDING,E6533717,1E,Madhav Devan,+91-9983000747
B1726,P1914,AI055,2025-05-14 11:37:36.952,CONFIRMED,K9426942,2B,Balvan Mangat,+91-7193520806
B1727,P1907,6F222,2026-03-15 11:37:36.952,CONFIRMED,H5490145,27D,Urmi Dewan,+91-6508431375
B1728,P1559,AI090,2025-12-12 11:37:36.952,CONFIRMED,Y2195873,1C,Upasna Sen,+91-8752038503
B1729,P1920,AI183,2025-06-03 11:37:36.952,PENDING,V2438843,4F,Abdul Buch,+91-7940535835
B1730,P1824,AI041,2025-04-29 11:37:36.952,PENDING,C7816780,25F,Anirudh Kunda,+91-9788153732
B1731,P1370,6F210,2025-07-12 11:37:36.952,CONFIRMED,J3158901,25F,Tanveer Doctor,+91-8929356891
B1732,P1290,AI170,2026-01-15 11:37:36.952,CONFIRMED,X2815037,3A,Pallavi Choudhry,+91-9158410707
B1733,P1331,SJ008,2026-04-16 11:37:36.952,CANCELLED,Y2640703,2E,Bhavya Khanna,+91-6655748779
B1734,P1605,AI049,2025-09-29 11:37:36.952,PENDING,Z1726282,27E,Charvi Dara,+91-7799308705
B1735,P1260,SJ132,2025-05-12 11:37:36.952,PENDING,K4850072,34E,Champak Khare,+91-8706607116
B1736,P1993,SJ224,2026-01-26 11:37:36.952,CONFIRMED,F7411680,28E,Oni Shankar,+91-6872269849
B1737,P1789,UK038,2025-06-11 11:37:36.952,CONFIRMED,Y6127662,1E,Dev Choudhry,+91-6669495244
B1738,P1870,SJ220,2025-08-14 11:37:36.952,PENDING,E0391702,27B,Xalak Wason,+91-8401303803
B1739,P1204,6F124,2025-06-29 11:37:36.952,CANCELLED,J3596245,34F,Amol Varma,+91-9106302522
B1740,P1696,SJ164,2025-11-16 11:37:36.952,CONFIRMED,C2042425,14D,Wyatt Dhawan,+91-6728747652
B1741,P1686,AI026,2025-05-18 11:37:36.952,PENDING,C2375302,18E,Bishakha Sanghvi,+91-9534939579
B1742,P1949,6F144,2025-09-14 11:37:36.952,PENDING,B3967024,16D,Aarav Pandit,+91-8242762145
B1743,P1386,6F137,2025-11-21 11:37:36.952,UNKNOWN,K0553648,6F,Wridesh Saha,+91-9948012137
B1744,P1891,UK139,2025-09-05 11:37:36.952,CANCELLED,M4036488,10A,Rachit Chada,+91-8869711410
B1745,P1820,UK139,2025-05-20 11:37:36.952,CONFIRMED,X7738546,27B,Jalsa Bir,+91-7236551103
B1746,P1467,SJ140,2025-08-31 11:37:36.952,CONFIRMED,H6066799,34D,Yashica Tripathi,+91-8728468793
B1747,P1414,6F131,2025-04-20 11:37:36.952,CONFIRMED,C2594972,9F,Anmol Ramakrishnan,+91-6375492405
B1748,P1068,UK128,2025-11-15 11:37:36.952,PENDING,F9862269,9A,Upma Bassi,+91-9547699749
B1749,P1471,SJ219,2026-02-19 11:37:36.952,CONFIRMED,N1799623,23D,Lila Prakash,+91-7731346991
B1750,P1103,SJ159,2025-09-21 11:37:36.952,PENDING,Y8335876,33D,Zehaan Babu,+91-9584192935
B1751,P1757,UK192,2025-09-19 11:37:36.952,CONFIRMED,Y2560413,17E,Ishanvi Bir,+91-7152458441
B1752,P1160,AI014,2025-08-13 11:37:36.952,CANCELLED,V4931539,34F,Hemani Khosla,+91-7920806711
B1753,P1199,SJ152,2025-08-08 11:37:36.952,CANCELLED,Y1226000,5C,Hemang Natarajan,+91-8153333127
B1754,P1215,SJ060,2026-02-11 11:37:36.952,PENDING,Z7629143,3C,Kiaan Basu,+91-6333782758
B1755,P1945,AI127,2026-02-17 11:37:36.952,CANCELLED,K1038975,10F,Indira Nigam,+91-9242158329
B1756,P1211,SJ096,2026-01-27 11:37:36.952,PENDING,B9986564,11F,Parth Shetty,+91-7418741838
B1757,P1507,AI215,2025-04-24 11:37:36.952,PENDING,A5920823,22B,Varenya Gopal,+91-6712277329
B1758,P1015,UK009,2026-02-28 11:37:36.952,CANCELLED,T6691948,26B,Krishna Bhatnagar,+91-6796896016
B1759,P1497,AI171,2025-10-26 11:37:36.952,PENDING,M6820175,16F,Tanvi Bansal,+91-6581648264
B1760,P1883,UK151,2026-01-14 11:37:36.952,CANCELLED,Y6618695,31B,Chaaya Jaggi,+91-8107223665
B1761,P1331,AI099,2025-05-22 11:37:36.952,CONFIRMED,K3474125,15A,Caleb Iyengar,+91-7617717364
B1762,P1716,UK050,2025-06-04 11:37:36.952,CONFIRMED,Y5610077,32B,Benjamin Mutti,+91-7178677986
B1763,P1876,UK092,2025-10-06 11:37:36.952,CANCELLED,T5036192,3B,Dayita Varma,+91-8994776964
B1764,P1550,SJ058,2025-06-20 11:37:36.952,CANCELLED,Y9919387,13B,Mitali Solanki,+91-9143287667
B1765,P1600,SJ090,2025-12-21 11:37:36.952,CANCELLED,G4244474,1C,Zehaan Bansal,+91-9563053223
B1766,P1941,6F173,2025-09-07 11:37:36.952,CANCELLED,A7862351,1F,Rayaan Mangal,+91-9544033967
B1767,P1255,AI186,2025-11-19 11:37:36.952,CONFIRMED,L1917085,6D,Ishanvi Batta,+91-7805888557
B1768,P1991,AI130,2026-03-23 11:37:36.952,PENDING,F8951456,13C,Garima Mahajan,+91-6749633715
B1769,P1765,SJ111,2025-11-23 11:37:36.952,UNKNOWN,C8580558,6F,Jeet Pillai,+91-6444629187
B1770,P1727,6F203,2025-08-04 11:37:36.952,CONFIRMED,R4496539,8D,Rajeshri Ratta,+91-6794294847
B1771,P1879,6F138,2025-05-24 11:37:36.952,PENDING,T7004093,1F,Ria Raju,+91-8442451929
B1772,P1814,6F109,2025-08-29 11:37:36.952,UNKNOWN,K1840398,10B,Harinakshi Grover,+91-6963580379
B1773,P1171,AI074,2026-01-01 11:37:36.952,PENDING,W0396620,16E,Watika Tank,+91-8981292633
B1774,P1648,UK161,2026-01-07 11:37:36.952,CANCELLED,W8640788,1B,Jhalak Venkataraman,+91-9445418399
B1775,P1999,AI008,2025-06-19 11:37:36.952,CANCELLED,F9516469,14B,Amara Butala,+91-7467805751
B1776,P1497,UK121,2025-12-27 11:37:36.952,CANCELLED,P2303974,17A,Panini Brar,+91-6918284805
B1777,P1470,6F154,2025-04-26 11:37:36.952,CONFIRMED,P7089870,11A,Qushi Gole,+91-6743692332
B1778,P1383,6F161,2025-08-01 11:37:36.952,CONFIRMED,Y1843113,10D,Chaaya Nagi,+91-9207653333
B1779,P1689,6F153,2026-02-01 11:37:36.952,PENDING,D5848580,22B,Harshil Buch,+91-9358738308
B1780,P1588,6F225,2026-02-10 11:37:36.952,PENDING,F1196047,11B,Falak Merchant,+91-6436660421
B1781,P1699,AI191,2026-02-09 11:37:36.952,PENDING,H9707745,18C,Damini Sehgal,+91-9879976256
B1782,P1506,AI218,2025-08-18 11:37:36.952,CONFIRMED,B8231714,25F,Pooja Ganesan,+91-6983554515
B1783,P1991,6F267,2025-09-28 11:37:36.952,PENDING,Y9539467,25D,Sachi Panchal,+91-7537490935
B1784,P1526,UK125,2025-08-20 11:37:36.952,CANCELLED,F3596053,1B,Sanya Basak,+91-9179105181
B1785,P1803,6F208,2025-08-19 11:37:36.952,PENDING,W4025787,1B,Ira Saran,+91-9655056443
B1786,P1830,6F119,2026-02-12 11:37:36.952,CANCELLED,N0506306,26B,Anvi Bhandari,+91-9990384345
B1787,P1324,AI063,2025-07-11 11:37:36.952,CONFIRMED,A5028164,1E,Falan Ravi,+91-6111756387
B1788,P1213,UK016,2025-06-05 11:37:36.952,CANCELLED,G9091203,2B,Januja Varghese,+91-8245229612
B1789,P1207,6F048,2026-01-13 11:37:36.952,CANCELLED,A9452375,30F,Nathaniel Balasubramanian,+91-8348319133
B1790,P1168,6F266,2025-04-23 11:37:36.952,CANCELLED,D9260098,28A,Luke Sarma,+91-7597645551
B1791,P1329,AI167,2026-02-24 11:37:36.952,CONFIRMED,M7454492,3C,Bakhshi Date,+91-8902264040
B1792,P1279,6F165,2026-01-17 11:37:36.952,CONFIRMED,W9445381,8E,Ekalinga Keer,+91-6777124900
B1793,P1977,SJ104,2025-11-25 11:37:36.952,CONFIRMED,W1896558,14C,Jeevika Pathak,+91-8918286899
B1794,P1304,UK160,2025-06-26 11:37:36.952,CONFIRMED,L6622952,8D,Leela Bali,+91-9156192055
B1795,P1145,UK160,2026-03-21 11:37:36.952,PENDING,L6603616,9C,Mitesh Sengupta,+91-9132731256
B1796,P1774,SJ230,2025-11-28 11:37:36.952,CONFIRMED,R0472660,9B,Kamala Prabhu,+91-8958754004
B1797,P1515,AI042,2025-06-03 11:37:36.952,CANCELLED,C5850153,1A,Sachi Bose,+91-9347389536
B1798,P1089,UK197,2025-05-16 11:37:36.952,CONFIRMED,Z1671560,23E,Laksh Wagle,+91-9714267952
B1799,P1452,AI107,2026-02-05 11:37:36.952,PENDING,B5224413,16E,Jeevika Rao,+91-8430273044
B1800,P1059,SJ128,2025-08-22 11:37:36.952,PENDING,R9406453,7F,Dipta Mallick,+91-8845602677
B1801,P1310,6F121,2026-04-14 11:37:36.952,PENDING,R9057191,34F,Zaid Comar,+91-9566784800
B1802,P1527,AI111,2025-06-30 11:37:36.952,UNKNOWN,K6936561,16B,Atharv Grewal,+91-8866096611
B1803,P1226,SJ137,2026-02-21 11:37:36.952,CONFIRMED,Y7487680,24F,Xalak Vasa,+91-9152802358
B1804,P1473,AI232,2025-11-12 11:37:36.952,CONFIRMED,F3771843,1F,Lila Dalal,+91-6705227409
B1805,P1977,SJ113,2025-10-26 11:37:36.952,CONFIRMED,F2095673,14B,Adweta Lad,+91-7841100072
B1806,P1540,AI117,2025-08-02 11:37:36.952,CANCELLED,Y7323964,17A,Sanaya Kala,+91-7702015917
B1807,P1662,6F185,2025-06-28 11:37:36.952,CANCELLED,E5326769,12C,Bhavika Swaminathan,+91-7571690544
B1808,P1756,AI194,2026-01-26 11:37:36.952,PENDING,T3923852,3B,Ryan Das,+91-7836598184
B1809,P1781,UK045,2026-04-09 11:37:36.952,PENDING,F0914016,13B,Krishna Borah,+91-7654336068
B1810,P1078,6F228,2026-03-20 11:37:36.952,CONFIRMED,J4234719,34B,Siya Gera,+91-6958666421
B1811,P1432,SJ190,2026-04-04 11:37:36.952,CANCELLED,T5515452,25A,Sai Chahal,+91-9447470858
B1812,P1800,AI156,2026-01-06 11:37:36.952,CANCELLED,P9991383,8A,Ekaja Palan,+91-6869465943
B1813,P1152,AI104,2025-04-21 11:37:36.952,UNKNOWN,N4332262,9D,Dhruv Mannan,+91-9601909254
B1814,P1788,UK033,2025-06-22 11:37:36.952,CONFIRMED,R3316806,26C,Charita Dugar,+91-9130362354
B1815,P1400,UK137,2025-05-01 11:37:36.952,PENDING,R0385036,3C,Owen Pathak,+91-8281962431
B1816,P1278,UK214,2025-06-21 11:37:36.952,PENDING,Y8424107,20F,Yashoda Kapur,+91-6242030724
B1817,P1056,6F033,2025-06-07 11:37:36.952,PENDING,T4067582,28D,Jairaj Iyer,+91-9247875836
B1818,P1976,AI114,2025-11-07 11:37:36.952,CONFIRMED,M9062003,26B,Liam Khalsa,+91-8781066645
B1819,P1185,AI017,2026-01-19 11:37:36.952,CONFIRMED,N4614974,21E,Wakeeta Bal,+91-9793303150
B1820,P1397,6F244,2025-12-01 11:37:36.952,PENDING,X3183997,18E,Jalsa Pillay,+91-6376689804
B1821,P1604,6F160,2025-11-27 11:37:36.952,PENDING,Y8609955,1C,Unni Dayal,+91-7253461814
B1822,P1787,6F088,2026-01-05 11:37:36.952,CANCELLED,P6432239,17D,Gabriel Bhatti,+91-6240404944
B1823,P1157,6F155,2025-11-26 11:37:36.952,CANCELLED,D2898115,19E,Dayamai Rao,+91-8344789978
B1824,P1786,AI095,2026-04-15 11:37:36.952,PENDING,J0012762,9B,Varenya Vora,+91-8634409591
B1825,P1692,6F139,2025-05-17 11:37:36.952,PENDING,K2256787,5E,Nirja Rout,+91-7238263447
B1826,P1358,6F101,2025-07-11 11:37:36.952,CANCELLED,G7887058,19A,Ethan Dass,+91-9660661324
B1827,P1439,AI054,2025-06-23 11:37:36.952,PENDING,B6134956,20D,Edhitha Borah,+91-8520278662
B1828,P1588,SJ094,2025-05-18 11:37:36.952,CANCELLED,A5867949,25B,Shivani Shukla,+91-7103980685
B1829,P1465,6F217,2026-01-15 11:37:36.952,CANCELLED,Y7236108,4E,Zansi Padmanabhan,+91-7547944517
B1830,P1662,6F100,2026-04-15 11:37:36.952,CANCELLED,C6620165,23C,Kabir Gopal,+91-9834851529
B1831,P1445,6F081,2026-02-05 11:37:36.952,CONFIRMED,V6457865,21C,Kai Sant,+91-9478026991
B1832,P1749,SJ156,2025-06-17 11:37:36.952,CONFIRMED,D2476400,4D,Yadavi Bhakta,+91-9462472142
B1833,P1800,6F060,2025-06-07 11:37:36.952,PENDING,V6824051,27D,Jeet Vasa,+91-8374184267
B1834,P1742,UK129,2025-08-14 11:37:36.952,CANCELLED,L1224441,33E,Michael Modi,+91-9417941511
B1835,P1487,UK032,2026-02-07 11:37:36.952,CONFIRMED,A2338686,2E,Nitesh Edwin,+91-7998182240
B1836,P1529,AI166,2025-09-23 11:37:36.952,PENDING,L7017036,13A,Ekantika Kar,+91-8969613090
B1837,P1072,SJ056,2025-10-31 11:37:36.952,PENDING,J2386020,22F,Hiral Venkataraman,+91-6680419029
B1838,P1928,SJ101,2025-06-12 11:37:36.952,PENDING,Y8309413,18F,Bhanumati Brar,+91-6726938297
B1839,P1927,SJ065,2025-05-09 11:37:36.952,PENDING,P1979797,9C,Zashil Hegde,+91-8264128494
B1840,P1700,SJ100,2025-04-19 11:37:36.952,PENDING,W4135694,34A,Anvi Dass,+91-8441206349
B1841,P1949,UK011,2025-10-24 11:37:36.952,CANCELLED,B7356748,1E,Chavvi Walla,+91-8635008358
B1842,P1016,6F062,2026-02-17 11:37:36.952,PENDING,Z3940598,3B,Girik Thakkar,+91-9101170123
B1843,P1530,SJ176,2025-08-15 11:37:36.952,CANCELLED,F9442031,23E,Om Dube,+91-7456614938
B1844,P1730,6F120,2025-11-26 11:37:36.952,CONFIRMED,V4907342,3B,Onveer Nazareth,+91-6705076465
B1845,P1325,AI121,2026-03-05 11:37:36.952,PENDING,R7748675,24A,Benjamin Balakrishnan,+91-8171611803
B1846,P1994,UK072,2025-08-30 11:37:36.952,CONFIRMED,V6482308,34F,Finn Bath,+91-7751088958
B1847,P1631,AI006,2026-04-06 11:37:36.952,CANCELLED,L8684196,11B,Alka Kade,+91-7280727140
B1848,P1612,SJ231,2025-05-19 11:37:36.952,CANCELLED,P0586942,30D,Omaja Balasubramanian,+91-9414107655
B1849,P1545,SJ129,2025-06-24 11:37:36.952,UNKNOWN,V3173066,12E,Widisha Mann,+91-7805666604
B1850,P1595,6F110,2025-04-21 11:37:36.952,PENDING,Z1518178,33B,Chasmum Subramanian,+91-8936379822
B1851,P1920,6F231,2025-11-26 11:37:36.952,PENDING,E6559469,2D,Yash Ravi,+91-7352937673
B1852,P1707,6F095,2025-08-09 11:37:36.952,CONFIRMED,E7237179,33E,Chameli Setty,+91-6262676582
B1853,P1841,UK054,2025-05-05 11:37:36.952,CONFIRMED,F3790065,18F,Elijah Bhasin,+91-9159730990
B1854,P1201,SJ123,2025-08-10 11:37:36.952,CONFIRMED,W4779541,29D,Nakul Sarraf,+91-9437112192
B1855,P1343,6F006,2026-01-04 11:37:36.952,PENDING,L3981889,3D,Ojasvi Sule,+91-7596894333
B1856,P1852,UK226,2025-05-04 11:37:36.952,PENDING,V1591579,4E,Ucchal Jani,+91-8496848415
B1857,P1522,AI065,2026-03-07 11:37:36.952,PENDING,V9626838,17E,Harini Dhawan,+91-9541334646
B1858,P1858,6F008,2025-11-25 11:37:36.952,UNKNOWN,G8020761,10B,Dhriti Nagar,+91-9831496025
B1859,P1399,AI195,2025-11-11 11:37:36.952,PENDING,D2190518,7B,Hemani Rastogi,+91-9804013071
B1860,P1217,UK043,2025-08-01 11:37:36.952,UNKNOWN,D8207066,3A,Kalpit Prabhakar,+91-6588210640
B1861,P1444,AI125,2025-10-15 11:37:36.952,CONFIRMED,X2372982,25E,Yutika Cherian,+91-7340414769
B1862,P1764,AI089,2025-10-05 11:37:36.952,PENDING,J8649703,21A,Eiravati Khurana,+91-9627024480
B1863,P1221,UK019,2026-02-12 11:37:36.952,CONFIRMED,L7896833,22C,Unnati Das,+91-9114248235
B1864,P1382,UK078,2025-09-27 11:37:36.952,CANCELLED,T7312315,22C,Amara Sengupta,+91-6831589220
B1865,P1880,SJ009,2025-07-28 11:37:36.952,CANCELLED,L7052187,15E,Yug Dhaliwal,+91-8863332016
B1866,P1591,UK178,2026-01-28 11:37:36.952,CONFIRMED,J4045883,7A,Gunbir Bedi,+91-8168602871
B1867,P1006,UK018,2025-11-23 11:37:36.952,CONFIRMED,K7012350,13D,Bina Rajagopalan,+91-9222224928
B1868,P1271,SJ059,2026-04-10 11:37:36.952,CANCELLED,L6891097,29E,Omya Kothari,+91-9677379805
B1869,P1738,UK108,2026-02-04 11:37:36.952,CONFIRMED,B2344568,19C,Nathaniel Narang,+91-9607910712
B1870,P1015,6F045,2025-04-25 11:37:36.952,CANCELLED,X4036640,5D,Dhriti Gupta,+91-7244646506
B1871,P1423,AI144,2025-10-04 11:37:36.952,CANCELLED,Y5737831,23E,Nathaniel Tara,+91-9493044791
B1872,P1523,AI244,2025-07-09 11:37:36.952,PENDING,R2927318,26E,Yutika Sibal,+91-7863076502
B1873,P1802,6F265,2025-04-25 11:37:36.952,CONFIRMED,B2915854,11B,Wishi Morar,+91-7287958875
B1874,P1752,6F108,2026-01-26 11:37:36.952,CONFIRMED,K1651854,16E,Widisha Bajaj,+91-9955876358
B1875,P1020,6F069,2025-06-17 11:37:36.952,PENDING,N0734467,17D,Gautam Ramaswamy,+91-7880777200
B1876,P1689,6F072,2025-06-14 11:37:36.952,CANCELLED,D5958417,18F,Yashasvi Shankar,+91-6556012552
B1877,P1938,6F096,2025-11-09 11:37:36.952,CONFIRMED,C7050221,33F,Wridesh Kale,+91-6534317284
B1878,P1227,SJ233,2025-12-31 11:37:36.952,PENDING,X8141344,31D,Ira Bava,+91-6857238597
B1879,P1784,AI203,2025-12-03 11:37:36.952,PENDING,X4837740,9E,Chandresh Manda,+91-7675541228
B1880,P1287,UK147,2026-03-08 11:37:36.952,CONFIRMED,N4330265,2E,Warda Singhal,+91-9859221556
B1881,P1808,UK039,2025-08-26 11:37:36.952,PENDING,F1836677,8E,Bhavika Yadav,+91-9546126710
B1882,P1133,6F216,2025-10-17 11:37:36.952,CANCELLED,P6102563,18B,Abhiram Chokshi,+91-6244340189
B1883,P1983,AI214,2025-11-17 11:37:36.952,PENDING,E2349980,5B,Raagini Desai,+91-9554597289
B1884,P1282,UK025,2025-08-31 11:37:36.952,CANCELLED,W3675901,31D,Aishani Pau,+91-6451540744
B1885,P1403,UK053,2025-08-10 11:37:36.952,CANCELLED,E4461440,11B,Neha Pau,+91-7934151436
B1886,P1664,6F130,2026-02-12 11:37:36.952,UNKNOWN,M1746564,9D,Chakradev Rattan,+91-6218158489
B1887,P1065,6F247,2026-03-09 11:37:36.952,PENDING,W6372631,23F,Charan Hayer,+91-9757495663
B1888,P1648,6F159,2025-12-25 11:37:36.952,CANCELLED,Z5592277,25C,Janani Mani,+91-6420652120
B1889,P1603,UK086,2026-02-24 11:37:36.952,CANCELLED,Y0038502,22C,Ethan Raju,+91-6882336194
B1890,P1436,6F102,2025-08-30 11:37:36.952,PENDING,G4448672,12E,Yamini Seshadri,+91-7714892127
B1891,P1828,UK186,2026-01-26 11:37:36.952,CANCELLED,A4733145,18D,Ati Dani,+91-6501355420
B1892,P1933,6F032,2025-08-24 11:37:36.952,PENDING,T4932511,17F,Kabir Chatterjee,+91-9664770094
B1893,P1258,6F186,2025-08-02 11:37:36.952,CONFIRMED,V7953120,19A,Meera Prakash,+91-8406461916
B1894,P1979,6F106,2026-02-24 11:37:36.952,CANCELLED,H7766183,4F,Harinakshi Pau,+91-8639070425
B1895,P1965,AI021,2025-10-05 11:37:36.952,CANCELLED,B0187314,14E,Maanas Issac,+91-6448507042
B1896,P1102,AI157,2025-11-30 11:37:36.952,PENDING,C1436786,11F,Yashodhara Ratti,+91-6959195052
B1897,P1992,6F054,2025-11-01 11:37:36.952,PENDING,A7818710,26F,Xiti Baria,+91-8554455523
B1898,P1566,AI187,2025-10-03 11:37:36.952,PENDING,K2570680,10D,Chakradev Barad,+91-7362412963
B1899,P1768,SJ124,2025-09-28 11:37:36.952,PENDING,C5423060,4B,Laksh Nath,+91-7158228844
B1900,P1100,SJ223,2025-10-06 11:37:36.952,CANCELLED,F8655052,11C,Urvi Venkataraman,+91-6202904878
B1901,P1197,UK103,2025-04-25 11:37:36.952,CONFIRMED,K2066701,21A,Tanmayi Dixit,+91-8443338079
B1902,P1812,SJ157,2026-02-08 11:37:36.952,CONFIRMED,X9201663,14F,Yutika Dey,+91-7238217410
B1903,P1225,6F242,2025-11-06 11:37:36.952,CONFIRMED,E2400539,9B,Falak Nagar,+91-7150671530
B1904,P1942,UK213,2025-07-01 11:37:36.952,CONFIRMED,M6201901,8B,Nicholas Ramaswamy,+91-8673576866
B1905,P1462,SJ120,2026-02-13 11:37:36.952,PENDING,K3391332,24B,Chandani Nayar,+91-9225352608
B1906,P1236,AI035,2025-08-11 11:37:36.952,CANCELLED,G2394564,22B,Yashica Upadhyay,+91-7426717385
B1907,P1025,6F147,2026-01-14 11:37:36.952,CANCELLED,F8644976,1B,Vrishti Mistry,+91-8726689236
B1908,P1120,SJ229,2025-08-09 11:37:36.952,CANCELLED,V6634209,23B,Vaishnavi Badal,+91-9905686686
B1909,P1909,AI230,2025-11-14 11:37:36.952,PENDING,R7349852,31B,Jyoti Narula,+91-8534614025
B1910,P1505,UK162,2025-06-10 11:37:36.952,CANCELLED,C5266559,5C,Imaran Saha,+91-9920371612
B1911,P1181,AI066,2025-05-29 11:37:36.952,PENDING,N2538096,27C,Darika Bala,+91-6386260684
B1912,P1710,6F205,2025-09-09 11:37:36.952,CANCELLED,T5336952,19D,Urvi Lanka,+91-8921073156
B1913,P1813,AI124,2025-05-24 11:37:36.952,CONFIRMED,N6535389,27B,Vedant Behl,+91-8903091954
B1914,P1766,UK114,2025-10-19 11:37:36.952,PENDING,H2436792,20A,Varsha Garde,+91-8609835246
B1915,P1633,AI231,2025-06-03 11:37:36.952,CANCELLED,C2763835,18B,Lajita Divan,+91-8541119217
B1916,P1542,AI113,2025-10-30 11:37:36.952,CONFIRMED,W5863906,7D,Xavier Balay,+91-7417865266
B1917,P1983,UK180,2025-08-03 11:37:36.952,UNKNOWN,X7939981,27A,Imaran Halder,+91-8341166057
B1918,P1314,UK180,2025-10-07 11:37:36.952,CONFIRMED,V1168371,2B,Anirudh Sastry,+91-6633760050
B1919,P1990,6F080,2026-03-17 11:37:36.952,PENDING,G7260720,7C,Dipta Sahota,+91-9974582300
B1920,P1796,SJ095,2025-05-11 11:37:36.952,PENDING,T8082649,14A,Max Sachar,+91-7231518435
B1921,P1617,SJ115,2025-04-24 11:37:36.952,CANCELLED,K6394762,21F,Samar Roy,+91-8254779707
B1922,P1735,AI142,2025-05-14 11:37:36.952,CONFIRMED,X2645633,7D,Yachana Sinha,+91-7903213869
B1923,P1272,UK169,2025-11-28 11:37:36.952,CANCELLED,X9403694,33F,David Devi,+91-6817012115
B1924,P1909,SJ041,2025-05-04 11:37:36.952,CANCELLED,D2664971,27D,Zilmil Johal,+91-6542052973
B1925,P1231,UK171,2025-04-20 11:37:36.952,CONFIRMED,W3353910,7D,Ekta Sridhar,+91-6282330232
B1926,P1419,AI081,2025-11-27 11:37:36.952,CANCELLED,M9016399,18F,Krisha Murthy,+91-6917567004
B1927,P1767,AI162,2026-01-28 11:37:36.952,PENDING,C3334437,27D,Oscar Sharaf,+91-7836212307
B1928,P1441,SJ037,2026-01-23 11:37:36.952,CANCELLED,J8140984,6F,Hema Pandya,+91-6176406146
B1929,P1495,SJ037,2025-11-05 11:37:36.952,CONFIRMED,P7930148,6A,Aishani Sule,+91-9111190448
B1930,P1023,UK080,2025-12-16 11:37:36.952,PENDING,K9910042,3B,Rehaan Koshy,+91-9547743639
B1931,P1108,SJ031,2025-09-26 11:37:36.952,PENDING,D6801990,16C,Arya Misra,+91-7230989946
B1932,P1702,AI199,2025-12-28 11:37:36.952,CANCELLED,G4854842,4B,Umang Mishra,+91-8312044441
B1933,P1501,6F082,2025-05-28 11:37:36.952,CANCELLED,C6079179,7B,Bhavya Johal,+91-9163093805
B1934,P1858,UK217,2026-04-12 11:37:36.952,PENDING,C5711713,9F,Vrinda Nadig,+91-6725955807
B1935,P1024,UK014,2026-04-13 11:37:36.952,CANCELLED,K0247028,6C,Varsha Palla,+91-6228023421
B1936,P1186,SJ180,2026-01-11 11:37:36.952,CONFIRMED,E8745271,14D,Anusha Mani,+91-9647690382
B1937,P1287,6F268,2026-02-19 11:37:36.952,CANCELLED,M7646391,16E,Jairaj Raghavan,+91-6140275218
B1938,P1627,UK205,2026-04-07 11:37:36.952,CANCELLED,Z7491619,19B,Megha Pai,+91-7788714643
B1939,P1337,SJ212,2025-07-22 11:37:36.952,PENDING,E1540131,22B,Madhav Mannan,+91-8155189435
B1940,P1877,UK052,2025-06-25 11:37:36.952,CANCELLED,P9626168,17C,Brijesh Mani,+91-8279551855
B1941,P1913,UK230,2025-06-13 11:37:36.952,CANCELLED,L2741025,19D,Farhan Pal,+91-6859765442
B1942,P1036,AI145,2025-07-18 11:37:36.952,CANCELLED,R9899488,23D,Riya Kunda,+91-9749086625
B1943,P1793,SJ035,2026-03-13 11:37:36.952,CONFIRMED,K8993005,7E,Varenya Kala,+91-8564592940
B1944,P1136,SJ184,2025-07-20 11:37:36.952,CANCELLED,R5635584,10B,Saksham Yohannan,+91-9785209984
B1945,P1507,6F207,2025-11-03 11:37:36.952,CONFIRMED,C7266256,24A,Anika Magar,+91-8511008592
B1946,P1226,UK144,2026-03-30 11:37:36.952,CONFIRMED,A7001441,15A,Laksh Chopra,+91-9646796602
B1947,P1319,AI126,2025-10-22 11:37:36.952,CONFIRMED,Z6240871,1A,Wriddhish Kibe,+91-9539351615
B1948,P1839,SJ145,2025-05-19 11:37:36.952,CONFIRMED,W9041728,10A,Chandresh Wali,+91-9537704234
B1949,P1915,6F040,2025-05-16 11:37:36.952,PENDING,F3811522,15B,Upkaar Kaul,+91-7294327188
B1950,P1181,UK049,2025-06-15 11:37:36.952,CONFIRMED,F8240847,21B,Charles Chaudhry,+91-7484309225
B1951,P1873,UK049,2026-03-18 11:37:36.952,CANCELLED,Y9940041,3F,Odika Narayanan,+91-8585729796
B1952,P1085,AI087,2025-10-18 11:37:36.952,CONFIRMED,Y1351135,2C,Urmi Chaudhry,+91-7442184789
B1953,P1466,AI152,2025-05-24 11:37:36.952,CANCELLED,R2289206,19A,Laksh Ahluwalia,+91-8625462480
B1954,P1925,SJ240,2025-11-06 11:37:36.952,CONFIRMED,W0978302,2A,Nakul Ray,+91-6422232001
B1955,P1052,AI212,2025-09-14 11:37:36.952,PENDING,D9453419,22B,Vamakshi Sood,+91-6804145387
B1956,P1859,AI064,2025-09-21 11:37:36.952,CONFIRMED,J4786742,3B,Ryan Mani,+91-6788869169
B1957,P1866,6F093,2025-06-07 11:37:36.952,CONFIRMED,V8930635,32E,Ekani Mangal,+91-6823367600
B1958,P1234,AI118,2025-04-28 11:37:36.952,PENDING,H7891213,29C,Daniel Chakraborty,+91-7982636511
B1959,P1958,AI172,2025-12-19 11:37:36.952,CONFIRMED,N9905585,23D,Vincent Warrior,+91-8736037933
B1960,P1778,6F183,2026-01-30 11:37:36.952,CANCELLED,X4084290,27E,Baljiwan Gill,+91-9708208946
B1961,P1798,6F200,2025-07-15 11:37:36.952,CONFIRMED,Z0452898,28A,Omisha Goda,+91-9171594518
B1962,P1432,SJ077,2025-12-23 11:37:36.952,CONFIRMED,B6567337,18C,Balhaar Ranganathan,+91-9146419246
B1963,P1495,UK030,2026-02-24 11:37:36.952,CONFIRMED,C6527613,27F,Warhi Grewal,+91-6420878001
B1964,P1998,SJ232,2025-05-21 11:37:36.952,PENDING,X8025308,18B,Bimala Barad,+91-9876192887
B1965,P1099,6F090,2026-01-29 11:37:36.952,CONFIRMED,N9929644,20D,Aditya Misra,+91-9293649379
B1966,P1989,UK002,2025-11-06 11:37:36.952,CONFIRMED,L0842324,12B,Hredhaan Nayak,+91-8650060512
B1967,P1598,AI154,2025-07-03 11:37:36.952,CANCELLED,A0417241,22C,Bhavani Sha,+91-7527693141
B1968,P1402,6F089,2025-10-11 11:37:36.952,CONFIRMED,Y1585574,2D,Wakeeta Desai,+91-7995604142
B1969,P1395,6F218,2026-04-08 11:37:36.952,CONFIRMED,T9602425,29A,Yamini Sidhu,+91-7919145719
B1970,P1526,6F241,2025-11-26 11:37:36.952,CONFIRMED,G3295945,12B,Anjali Hans,+91-6445915066
B1971,P1414,6F116,2025-08-20 11:37:36.952,CONFIRMED,Z8286304,2B,Isaiah Narayanan,+91-9521239642
B1972,P1938,UK199,2025-04-18 11:37:36.952,CANCELLED,F9917217,19B,Nicholas Shanker,+91-7990368516
B1973,P1612,SJ033,2025-04-28 11:37:36.952,CANCELLED,E0416782,8C,Aarini Grewal,+91-7733873057
B1974,P1676,AI210,2025-08-03 11:37:36.952,PENDING,F6693706,15B,Akshay Nazareth,+91-8906943035
B1975,P1462,UK148,2025-08-26 11:37:36.952,UNKNOWN,B3139280,20E,Chakrika Hans,+91-8108149630
B1976,P1540,AI229,2025-08-27 11:37:36.952,PENDING,F2061901,16F,Parth Ravi,+91-7327253619
B1977,P1625,UK005,2026-01-01 11:37:36.952,PENDING,M9379719,4A,Prisha Varma,+91-6793774286
B1978,P1618,SJ080,2025-12-07 11:37:36.952,CONFIRMED,A2956162,12C,Falak Chadha,+91-9868307464
B1979,P1921,SJ092,2025-12-02 11:37:36.952,CANCELLED,J7185594,1F,Nandini Chandran,+91-9722090698
B1980,P1363,SJ055,2025-12-04 11:37:36.952,CANCELLED,Y2304532,15A,Qasim Dey,+91-9798887348
B1981,P1129,AI239,2025-05-17 11:37:36.952,CONFIRMED,Z7781456,19D,Vansha Naik,+91-8999652612
B1982,P1083,6F162,2025-06-17 11:37:36.952,UNKNOWN,H7019453,7A,Yuvraj Ahuja,+91-9635746975
B1983,P1270,UK101,2025-06-28 11:37:36.952,UNKNOWN,P6650527,27A,Advika Rajagopal,+91-7128457066
B1984,P1243,6F198,2025-04-25 11:37:36.952,CONFIRMED,X2815780,27F,Warinder Sekhon,+91-6955937129
B1985,P1387,6F239,2025-09-28 11:37:36.952,CONFIRMED,Y0223116,31F,Amara Narayan,+91-9125813192
B1986,P1213,SJ177,2025-10-07 11:37:36.952,CONFIRMED,N7635322,13F,Chasmum Apte,+91-9232182114
B1987,P1817,6F044,2026-03-12 11:37:36.952,CANCELLED,W5921268,19F,Advika Parsa,+91-8544620463
B1988,P1165,6F248,2026-02-17 11:37:36.952,PENDING,H7114294,13A,Warinder Bhatia,+91-6131050464
B1989,P1790,6F002,2025-12-10 11:37:36.952,UNKNOWN,H7539892,16F,Jagat Shroff,+91-6322456840
B1990,P1058,SJ197,2026-03-31 11:37:36.952,CONFIRMED,E4659866,14B,Damyanti Dutta,+91-9910638281
B1991,P1601,UK091,2026-01-14 11:37:36.952,CANCELLED,W4178376,22E,Nidra Thakkar,+91-6465960428
B1992,P1882,6F215,2025-04-25 11:37:36.952,CONFIRMED,G8201140,25C,Deepa Dalal,+91-7851972908
B1993,P1842,AI093,2026-03-11 11:37:36.952,CANCELLED,P6426735,5B,Chakrika Pillai,+91-9296579255
B1994,P1923,UK090,2026-03-31 11:37:36.952,CONFIRMED,J5533756,21D,Timothy Kanda,+91-9541020874
B1995,P1503,SJ005,2025-11-20 11:37:36.952,CANCELLED,J8784962,11C,Kiaan Sridhar,+91-8860378644
B1996,P1705,UK106,2025-08-08 11:37:36.952,CANCELLED,M1046250,27E,Michael Sha,+91-7709329827
B1997,P1122,6F223,2025-05-03 11:37:36.952,PENDING,P5685120,27B,Kashvi Sagar,+91-9548706636
B1998,P1647,6F011,2025-10-23 11:37:36.952,CONFIRMED,T2935097,14C,Urishilla Yogi,+91-8248695033
B1999,P1412,UK124,2025-08-08 11:37:36.952,UNKNOWN,C2914650,12B,Tejas Kota,+91-7414292188
