passenger_id,first_name,last_name,age,gender,email,phone,aadhaar_id,date_of_birth
P1000,Vivaan,Chatterjee,52,F,MASKED,MASKED,MASKED,1974-04-08
P1001,Krishna,Reddy,15,M,MASKED,MASKED,MASKED,2011-03-07
P1002,Myra,Naidu,72,M,MASKED,MASKED,MASKED,1954-09-10
P1003,Myra,Mishra,61,F,MASKED,MASKED,MASKED,1965-03-12
P1004,Saanvi,Banerjee,21,M,MASKED,MASKED,MASKED,2005-11-11
P1005,Reyansh,Joshi,83,M,MASKED,MASKED,MASKED,1943-03-09
P1006,Kavya,Nair,87,M,MASKED,MASKED,MASKED,1939-02-25
P1007,Sara,Joshi,75,M,MASKED,MASKED,MASKED,1951-11-24
P1008,Kavya,Pillai,75,M,MASKED,MASKED,MASKED,1951-11-10
P1009,Sai,Kulkarni,88,M,MASKED,MASKED,MASKED,1938-04-02
P1010,Sai,Agarwal,24,M,MASKED,MASKED,MASKED,2002-04-18
P1011,Sara,Naidu,3,M,MASKED,MASKED,MASKED,2023-04-19
P1012,Arjun,Patel,22,M,MASKED,MASKED,MASKED,2004-03-24
P1013,Sara,Iyer,53,M,MASKED,MASKED,MASKED,1973-01-13
P1014,Anika,Banerjee,2,F,MASKED,MASKED,MASKED,2024-09-04
P1015,Aadhya,Verma,88,F,MASKED,MASKED,MASKED,1938-05-26
P1016,Vivaan,Naidu,30,M,MASKED,MASKED,MASKED,1996-01-19
P1017,Reyansh,Chatterjee,38,F,MASKED,MASKED,MASKED,1988-10-02
P1018,Ira,Ghosh,2,F,MASKED,MASKED,MASKED,2024-08-11
P1019,Diya,Patel,64,M,MASKED,MASKED,MASKED,1962-06-10
P1020,Ananya,Khan,60,M,MASKED,MASKED,MASKED,1966-12-18
P1021,Kavya,Naidu,21,M,MASKED,MASKED,MASKED,2005-01-01
P1022,Shaurya,Joshi,33,F,MASKED,MASKED,MASKED,1993-06-19
P1023,Aditya,Patel,76,F,MASKED,MASKED,MASKED,1950-10-24
P1024,Vivaan,Sharma,58,M,MASKED,MASKED,MASKED,1968-08-08
P1025,Aarav,Chatterjee,22,M,MASKED,MASKED,MASKED,2004-07-22
P1026,Ira,Ghosh,89,M,MASKED,MASKED,MASKED,1937-10-17
P1027,Reyansh,Banerjee,49,F,MASKED,MASKED,MASKED,1977-10-11
P1028,Aadhya,Mishra,59,F,MASKED,MASKED,MASKED,1967-10-10
P1029,Diya,Ghosh,42,F,MASKED,MASKED,MASKED,1984-12-06
P1030,Aditya,Kulkarni,60,F,MASKED,MASKED,MASKED,1966-10-28
P1031,Shaurya,Patel,80,M,MASKED,MASKED,MASKED,1946-12-17
P1032,Kavya,Gupta,15,M,MASKED,MASKED,MASKED,2011-07-27
P1033,Aadhya,Kulkarni,62,M,MASKED,MASKED,MASKED,1964-04-09
P1034,Ishaan, Iyer,62,M,MASKED,MASKED,MASKED,1964-08-14
P1035,Vivaan,Ghosh,47,F,MASKED,MASKED,MASKED,1979-09-01
P1036,Riya,Reddy,62,F,MASKED,MASKED,MASKED,1964-07-09
P1037,Muhammad,Ghosh,51,M,MASKED,MASKED,MASKED,1975-01-20
P1038,Ira,Patel,55,M,MASKED,MASKED,MASKED,1971-05-04
P1039,Shaurya,Agarwal,64,F,MASKED,MASKED,MASKED,1962-01-12
P1040,Muhammad,Joshi,3,M,MASKED,MASKED,MASKED,2023-07-06
P1041,Shaurya,Gupta,51,F,MASKED,MASKED,MASKED,1975-08-19
P1042,Arjun,Kulkarni,7,M,MASKED,MASKED,MASKED,2019-09-01
P1043,Arjun,Reddy,21,M,MASKED,MASKED,MASKED,2005-07-23
P1044,Sai,Iyer,73,M,MASKED,MASKED,MASKED,1953-05-09
P1045,Kavya,Reddy,39,M,MASKED,MASKED,MASKED,1987-05-04
P1046,Saanvi,Sharma,18,M,MASKED,MASKED,MASKED,2008-11-28
P1047,Ishaan,Chatterjee,4,M,MASKED,MASKED,MASKED,2022-07-16
P1048,Sai,Mishra,89,M,MASKED,MASKED,MASKED,1937-09-13
P1049,Aadhya,Joshi,60,F,MASKED,MASKED,MASKED,1966-03-08
P1050,Aarav,Das,14,F,MASKED,MASKED,MASKED,2012-11-08
P1051,Aadhya,Chatterjee,9,F,MASKED,MASKED,MASKED,2017-05-15
P1052,Sai,Khan,53,F,MASKED,MASKED,MASKED,1973-10-09
P1053,Myra,Banerjee,2,F,MASKED,MASKED,MASKED,2024-10-14
P1054,Muhammad,Patel,84,M,MASKED,MASKED,MASKED,1942-01-15
P1055,Ishaan,Chatterjee,60,M,MASKED,MASKED,MASKED,1966-10-25
P1056,Saanvi,Das,71,F,MASKED,MASKED,MASKED,1955-12-06
P1057,Ishaan,Gupta,44,M,MASKED,MASKED,MASKED,1982-08-16
P1058,Diya,Mehta,8,F,MASKED,MASKED,MASKED,2018-01-10
P1059,Ishaan,Banerjee,47,F,MASKED,MASKED,MASKED,1979-10-13
P1060,Riya,Singh,35,M,MASKED,MASKED,MASKED,1991-08-04
P1061,Sai,Ghosh,78,M,MASKED,MASKED,MASKED,1948-07-11
P1062,Aarav,Singh,81,M,MASKED,MASKED,MASKED,1945-01-11
P1063,Shaurya,Mishra,36,F,MASKED,MASKED,MASKED,1990-07-20
P1064,Kavya,Kulkarni,50,M,MASKED,MASKED,MASKED,1976-08-12
P1065,Ishaan,Kulkarni,4,F,MASKED,MASKED,MASKED,2022-10-10
P1066,Riya,Singh,2,F,MASKED,MASKED,MASKED,2024-11-07
P1067,Reyansh,Pillai,6,F,MASKED,MASKED,MASKED,2020-12-14
P1068,Sai,Banerjee,54,M,MASKED,MASKED,MASKED,1972-02-05
P1069,Krishna,Nair,4,M,MASKED,MASKED,MASKED,2022-07-27
P1070,Ira,Sharma,54,F,MASKED,MASKED,MASKED,1972-02-05
P1071,Saanvi,Ghosh,63,M,MASKED,MASKED,MASKED,1963-12-24
P1072,Krishna,Banerjee,18,M,MASKED,MASKED,MASKED,2008-02-22
P1073,Ananya,Pillai,44,M,MASKED,MASKED,MASKED,1982-03-26
P1074,Riya,Patel,34,F,MASKED,MASKED,MASKED,1992-09-09
P1075,Krishna,Khan,74,F,MASKED,MASKED,MASKED,1952-12-14
P1076,Kavya,Joshi,62,M,MASKED,MASKED,MASKED,1964-12-26
P1077,Myra,Singh,14,F,MASKED,MASKED,MASKED,2012-03-03
P1078,Reyansh,Reddy,48,M,MASKED,MASKED,MASKED,1978-12-04
P1079,Diya,Mishra,15,M,MASKED,MASKED,MASKED,2011-06-05
P1080,Shaurya,Chatterjee,72,M,MASKED,MASKED,MASKED,1954-11-04
P1081,Kavya,Ghosh,78,M,MASKED,MASKED,MASKED,1948-04-28
P1082,Sai,Joshi,87,F,MASKED,MASKED,MASKED,1939-11-27
P1083,Arjun,Banerjee,62,F,MASKED,MASKED,MASKED,1964-02-24
P1084,Aditya,Patel,40,F,MASKED,MASKED,MASKED,1986-03-25
P1085,Diya,Naidu,85,M,MASKED,MASKED,MASKED,1941-06-14
P1086,Vivaan,Chatterjee,80,M,MASKED,MASKED,MASKED,1946-04-25
P1087,Vivaan,Sharma,82,M,MASKED,MASKED,MASKED,1944-11-26
P1088,Ira,Chatterjee,53,F,MASKED,MASKED,MASKED,1973-02-13
P1089,Ishaan,Mishra,24,M,MASKED,MASKED,MASKED,2002-07-28
P1090,Vivaan,Reddy,26,F,MASKED,MASKED,MASKED,2000-02-05
P1091,Ira,Sharma,89,F,MASKED,MASKED,MASKED,1937-11-11
P1092,Reyansh,Verma,60,F,MASKED,MASKED,MASKED,1966-01-02
P1093,Anika,Pillai,41,F,MASKED,MASKED,MASKED,1985-06-20
P1094,Kavya,Agarwal,29,F,MASKED,MASKED,MASKED,1997-10-06
P1095,Anika,Verma,15,F,MASKED,MASKED,MASKED,2011-05-24
P1096,Myra,Agarwal,45,M,MASKED,MASKED,MASKED,1981-11-26
P1097,Shaurya,Mehta,65,M,MASKED,MASKED,MASKED,1961-04-08
P1098,Reyansh,Chatterjee,89,F,MASKED,MASKED,MASKED,1937-03-06
P1099,Vivaan,Agarwal,71,F,MASKED,MASKED,MASKED,1955-05-26
P1100,Muhammad,Joshi,9,M,MASKED,MASKED,MASKED,2017-05-02
P1101,Shaurya,Agarwal,88,F,MASKED,MASKED,MASKED,1938-04-27
P1102,Myra,Kulkarni,1,F,MASKED,MASKED,MASKED,2025-02-27
P1103,Ishaan,Banerjee,8,M,MASKED,MASKED,MASKED,2018-10-18
P1104,Vivaan, Verma,88,F,MASKED,MASKED,MASKED,1938-06-03
P1105,Muhammad,Singh,63,F,MASKED,MASKED,MASKED,1963-05-04
P1106,Sara,Nair,11,F,MASKED,MASKED,MASKED,2015-07-20
P1107,Anika,Joshi,81,M,MASKED,MASKED,MASKED,1945-01-24
P1108,Ishaan,Kulkarni,8,M,MASKED,MASKED,MASKED,2018-02-08
P1109,Vivaan,Chatterjee,35,M,MASKED,MASKED,MASKED,1991-10-10
P1110,Ira,Khan,35,F,MASKED,MASKED,MASKED,1991-05-28
P1111,Krishna,Sharma,33,F,MASKED,MASKED,MASKED,1993-06-15
P1112,Sara,Mishra,5,M,MASKED,MASKED,MASKED,2021-11-03
P1113,Anika,Pillai,41,F,MASKED,MASKED,MASKED,1985-03-10
P1114,Anika,Sharma,28,F,MASKED,MASKED,MASKED,1998-09-03
P1115,Sara,Singh,7,F,MASKED,MASKED,MASKED,2019-05-21
P1116,Vivaan,Ghosh,73,F,MASKED,MASKED,MASKED,1953-03-15
P1117,Aarav,Pillai,72,F,MASKED,MASKED,MASKED,1954-02-11
P1118,Vivaan,Reddy,12,M,MASKED,MASKED,MASKED,2014-06-19
P1119,Aditya,Joshi,34,F,MASKED,MASKED,MASKED,1992-04-07
P1120,Aarav,Ghosh,33,M,MASKED,MASKED,MASKED,1993-12-12
P1121,Riya,Gupta,48,F,MASKED,MASKED,MASKED,1978-09-09
P1122,Ananya,Verma,23,M,MASKED,MASKED,MASKED,2003-01-02
P1123,Sara,Khan,62,F,MASKED,MASKED,MASKED,1964-07-20
P1124,Myra,Verma,88,M,MASKED,MASKED,MASKED,1938-05-26
P1125,Reyansh,Reddy,37,F,MASKED,MASKED,MASKED,1989-01-19
P1126,Ira,Gupta,44,M,MASKED,MASKED,MASKED,1982-09-07
P1127,Myra,Singh,86,F,MASKED,MASKED,MASKED,1940-08-07
P1128,Diya,Patel,35,M,MASKED,MASKED,MASKED,1991-02-19
P1129,Vivaan,Joshi,65,F,MASKED,MASKED,MASKED,1961-09-09
P1130,Shaurya,Sharma,47,M,MASKED,MASKED,MASKED,1979-06-23
P1131,Shaurya,Banerjee,78,M,MASKED,MASKED,MASKED,1948-02-21
P1132,Ishaan,Banerjee,3,F,MASKED,MASKED,MASKED,2023-10-20
P1133,Sai,Banerjee,1,F,MASKED,MASKED,MASKED,2025-12-15
P1134,Ira,Verma,5,M,MASKED,MASKED,MASKED,2021-11-04
P1135,Shaurya,Banerjee,14,F,MASKED,MASKED,MASKED,2012-01-09
P1136,Aadhya,Verma,27,M,MASKED,MASKED,MASKED,1999-04-05
P1137,Aditya,Iyer,9,M,MASKED,MASKED,MASKED,2017-09-23
P1138,Saanvi,Mehta,79,M,MASKED,MASKED,MASKED,1947-02-22
P1139,Aarav,Agarwal,15,F,MASKED,MASKED,MASKED,2011-11-26
P1140,Shaurya,Singh,42,M,MASKED,MASKED,MASKED,1984-08-02
P1141,Sai,Kulkarni,77,M,MASKED,MASKED,MASKED,1949-06-05
P1142,Saanvi,Naidu,51,F,MASKED,MASKED,MASKED,1975-06-19
P1143,Arjun,Nair,63,F,MASKED,MASKED,MASKED,1963-09-16
P1144,Aadhya,Mehta,52,F,MASKED,MASKED,MASKED,1974-04-10
P1145,Ananya,Pillai,4,F,MASKED,MASKED,MASKED,2022-08-28
P1146,Krishna,Khan,23,M,MASKED,MASKED,MASKED,2003-08-07
P1147,Reyansh,Pillai,15,M,MASKED,MASKED,MASKED,2011-07-15
P1148,Muhammad,Chatterjee,43,M,MASKED,MASKED,MASKED,1983-01-19
P1149,Ishaan,Nair,29,M,MASKED,MASKED,MASKED,1997-04-16
P1150,Anika,Agarwal,36,F,MASKED,MASKED,MASKED,1990-09-02
P1151,Krishna,Sharma,13,M,MASKED,MASKED,MASKED,2013-10-21
P1152,Diya,Joshi,32,M,MASKED,MASKED,MASKED,1994-01-17
P1153,Ira,Kulkarni,71,F,MASKED,MASKED,MASKED,1955-06-13
P1154,Myra,Chatterjee,59,M,MASKED,MASKED,MASKED,1967-12-06
P1155,Diya,Naidu,86,M,MASKED,MASKED,MASKED,1940-11-09
P1156,Reyansh,Mehta,28,M,MASKED,MASKED,MASKED,1998-07-22
P1157,Arjun,Agarwal,66,M,MASKED,MASKED,MASKED,1960-10-13
P1158,Muhammad,Joshi,42,M,MASKED,MASKED,MASKED,1984-10-10
P1159,Arjun,Banerjee,45,M,MASKED,MASKED,MASKED,1981-06-25
P1160,Ananya,Joshi,62,F,MASKED,MASKED,MASKED,1964-09-03
P1161,Krishna,Agarwal,57,F,MASKED,MASKED,MASKED,1969-03-09
P1162,Reyansh,Reddy,6,M,MASKED,MASKED,MASKED,2020-12-21
P1163,Anika,Naidu,28,M,MASKED,MASKED,MASKED,1998-11-20
P1164,Sara,Kulkarni,28,F,MASKED,MASKED,MASKED,1998-07-09
P1165,Ira,Singh,44,M,MASKED,MASKED,MASKED,1982-07-22
P1166,Krishna,Banerjee,84,M,MASKED,MASKED,MASKED,1942-09-17
P1167,Riya,Mehta,30,M,MASKED,MASKED,MASKED,1996-06-26
P1168,Myra,Agarwal,62,F,MASKED,MASKED,MASKED,1964-08-25
P1169,Krishna,Reddy,75,M,MASKED,MASKED,MASKED,1951-04-17
P1170,Aditya,Mehta,89,F,MASKED,MASKED,MASKED,1937-12-08
P1171,Ishaan,Banerjee,62,M,MASKED,MASKED,MASKED,1964-12-20
P1172,Sara,Banerjee,1,F,MASKED,MASKED,MASKED,2025-06-07
P1173,Aadhya,Mehta,27,F,MASKED,MASKED,MASKED,1999-10-06
P1174,Shaurya,Naidu,62,M,MASKED,MASKED,MASKED,1964-10-05
P1175,Muhammad,Mishra,77,F,MASKED,MASKED,MASKED,1949-10-02
P1176,Riya,Patel,3,M,MASKED,MASKED,MASKED,2023-02-19
P1177,Reyansh,Patel,70,F,MASKED,MASKED,MASKED,1956-10-04
P1178,Kavya,Naidu,72,M,MASKED,MASKED,MASKED,1954-02-15
P1179,Sai,Naidu,27,M,MASKED,MASKED,MASKED,1999-04-05
P1180,Anika,Gupta,9,F,MASKED,MASKED,MASKED,2017-12-09
P1181,Shaurya,Chatterjee,62,M,MASKED,MASKED,MASKED,1964-08-09
P1182,Aarav,Das,37,M,MASKED,MASKED,MASKED,1989-03-15
P1183,Shaurya,Pillai,51,F,MASKED,MASKED,MASKED,1975-07-21
P1184,Shaurya,Singh,44,M,MASKED,MASKED,MASKED,1982-01-23
P1185,Aditya,Kulkarni,24,M,MASKED,MASKED,MASKED,2002-07-25
P1186,Sara,Mishra,79,F,MASKED,MASKED,MASKED,1947-04-03
P1187,Aditya,Das,59,F,MASKED,MASKED,MASKED,1967-10-20
P1188,Ananya,Agarwal,32,M,MASKED,MASKED,MASKED,1994-07-04
P1189,Aditya,Mehta,88,M,MASKED,MASKED,MASKED,1938-11-06
P1190,Aarav,Ghosh,52,F,MASKED,MASKED,MASKED,1974-07-23
P1191,Aditya,Mishra,62,F,MASKED,MASKED,MASKED,1964-06-13
P1192,Aarav,Iyer,58,M,MASKED,MASKED,MASKED,1968-11-24
P1193,Ira,Das,52,F,MASKED,MASKED,MASKED,1974-12-04
P1194,Ananya,Das,12,M,MASKED,MASKED,MASKED,2014-08-28
P1195,Aditya,Das,39,M,MASKED,MASKED,MASKED,1987-08-12
P1196,Shaurya,Patel,2,M,MASKED,MASKED,MASKED,2024-02-17
P1197,Krishna,Nair,3,M,MASKED,MASKED,MASKED,2023-06-07
P1198,Kavya,Naidu,56,M,MASKED,MASKED,MASKED,1970-01-08
P1199,Aditya,Pillai,81,F,MASKED,MASKED,MASKED,1945-03-23
P1200,Saanvi,Kulkarni,59,F,MASKED,MASKED,MASKED,1967-10-19
P1201,Myra,Reddy,2,F,MASKED,MASKED,MASKED,2024-04-05
P1202,Aarav,Mishra,2,F,MASKED,MASKED,MASKED,2024-08-09
P1203,Aadhya,Nair,54,M,MASKED,MASKED,MASKED,1972-11-10
P1204,Shaurya,Sharma,87,M,MASKED,MASKED,MASKED,1939-04-05
P1205,Sai,Naidu,1,M,MASKED,MASKED,MASKED,2025-02-02
P1206,Diya,Banerjee,19,M,MASKED,MASKED,MASKED,2007-05-15
P1207,Sai,Ghosh,2,F,MASKED,MASKED,MASKED,2024-03-14
P1208,Aarav,Joshi,53,M,MASKED,MASKED,MASKED,1973-05-06
P1209,Arjun,Mishra,44,M,MASKED,MASKED,MASKED,1982-11-08
P1210,Saanvi,Sharma,32,F,MASKED,MASKED,MASKED,1994-12-23
P1211,Ishaan,Agarwal,70,F,MASKED,MASKED,MASKED,1956-01-17
P1212,Shaurya,Joshi,32,F,MASKED,MASKED,MASKED,1994-09-28
P1213,Sai,Pillai,68,F,MASKED,MASKED,MASKED,1958-12-18
P1214,Riya,Mishra,55,M,MASKED,MASKED,MASKED,1971-03-20
P1215,Ira,Naidu,75,M,MASKED,MASKED,MASKED,1951-08-01
P1216,Riya, Sharma,56,F,MASKED,MASKED,MASKED,1970-07-12
P1217,Krishna,Iyer,17,M,MASKED,MASKED,MASKED,2009-03-02
P1218,Ira,Iyer,38,M,MASKED,MASKED,MASKED,1988-09-27
P1219,Muhammad,Nair,24,M,MASKED,MASKED,MASKED,2002-11-10
P1220,Shaurya,Singh,69,F,MASKED,MASKED,MASKED,1957-03-15
P1221,Diya,Nair,70,M,MASKED,MASKED,MASKED,1956-10-08
P1222,Muhammad,Verma,86,F,MASKED,MASKED,MASKED,1940-10-17
P1223,Sara,Das,11,M,MASKED,MASKED,MASKED,2015-10-09
P1224,Aadhya,Ghosh,16,M,MASKED,MASKED,MASKED,2010-07-04
P1225,Muhammad,Gupta,73,M,MASKED,MASKED,MASKED,1953-07-21
P1226,Kavya,Chatterjee,59,F,MASKED,MASKED,MASKED,1967-12-16
P1227,Aadhya,Reddy,70,M,MASKED,MASKED,MASKED,1956-12-14
P1228,Anika,Iyer,80,F,MASKED,MASKED,MASKED,1946-07-05
P1229,Arjun,Das,3,F,MASKED,MASKED,MASKED,2023-09-13
P1230,Kavya,Mehta,20,F,MASKED,MASKED,MASKED,2006-12-27
P1231,Riya,Das,59,M,MASKED,MASKED,MASKED,1967-11-01
P1232,Ishaan,Kulkarni,36,M,MASKED,MASKED,MASKED,1990-05-07
P1233,Ishaan,Agarwal,19,M,MASKED,MASKED,MASKED,2007-05-22
P1234,Ananya,Banerjee,67,M,MASKED,MASKED,MASKED,1959-07-22
P1235,Arjun,Ghosh,19,F,MASKED,MASKED,MASKED,2007-12-23
P1236,Myra,Sharma,20,F,MASKED,MASKED,MASKED,2006-03-22
P1237,Ishaan,Kulkarni,71,F,MASKED,MASKED,MASKED,1955-07-19
P1238,Ishaan,Mishra,52,M,MASKED,MASKED,MASKED,1974-10-25
P1239,Ananya,Singh,33,F,MASKED,MASKED,MASKED,1993-04-24
P1240,Anika,Ghosh,40,M,MASKED,MASKED,MASKED,1986-10-10
P1241,Aadhya,Chatterjee,39,F,MASKED,MASKED,MASKED,1987-06-25
P1242,Ishaan,Nair,82,M,MASKED,MASKED,MASKED,1944-12-21
P1243,Aadhya,Chatterjee,1,M,MASKED,MASKED,MASKED,2025-07-04
P1244,Saanvi,Singh,11,F,MASKED,MASKED,MASKED,2015-02-17
P1245,Arjun,Chatterjee,57,F,MASKED,MASKED,MASKED,1969-03-02
P1246,Ira,Iyer,89,F,MASKED,MASKED,MASKED,1937-02-24
P1247,Arjun,Agarwal,50,F,MASKED,MASKED,MASKED,1976-07-24
P1248,Saanvi,Gupta,23,M,MASKED,MASKED,MASKED,2003-03-04
P1249,Kavya,Pillai,31,F,MASKED,MASKED,MASKED,1995-08-26
P1250,Arjun,Singh,42,F,MASKED,MASKED,MASKED,1984-02-09
P1251,Aarav,Pillai,7,F,MASKED,MASKED,MASKED,2019-06-22
P1252,Aadhya,Agarwal,16,M,MASKED,MASKED,MASKED,2010-04-11
P1253,Aditya,Mishra,60,M,MASKED,MASKED,MASKED,1966-09-18
P1254,Muhammad,Khan,2,F,MASKED,MASKED,MASKED,2024-02-25
P1255,Aadhya,Chatterjee,1,M,MASKED,MASKED,MASKED,2025-05-20
P1256,Krishna,Mehta,48,F,MASKED,MASKED,MASKED,1978-11-19
P1257,Ishaan,Banerjee,12,M,MASKED,MASKED,MASKED,2014-02-13
P1258,Diya,Pillai,69,M,MASKED,MASKED,MASKED,1957-10-23
P1259,Reyansh,Pillai,37,M,MASKED,MASKED,MASKED,1989-09-23
P1260,Ananya,Mishra,32,M,MASKED,MASKED,MASKED,1994-01-13
P1261,Saanvi,Nair,9,F,MASKED,MASKED,MASKED,2017-06-27
P1262,Vivaan,Ghosh,19,F,MASKED,MASKED,MASKED,2007-09-02
P1263,Riya,Das,48,F,MASKED,MASKED,MASKED,1978-11-03
P1264,Anika,Ghosh,80,M,MASKED,MASKED,MASKED,1946-01-11
P1265,Aarav,Nair,3,F,MASKED,MASKED,MASKED,2023-09-08
P1266,Aditya,Kulkarni,20,F,MASKED,MASKED,MASKED,2006-06-10
P1267,Saanvi,Khan,24,F,MASKED,MASKED,MASKED,2002-07-09
P1268,Krishna,Kulkarni,54,M,MASKED,MASKED,MASKED,1972-02-06
P1269,Aarav,Verma,33,M,MASKED,MASKED,MASKED,1993-12-11
P1270,Reyansh,Nair,24,M,MASKED,MASKED,MASKED,2002-07-11
P1271,Muhammad,Pillai,75,F,MASKED,MASKED,MASKED,1951-11-10
P1272,Sai,Chatterjee,72,F,MASKED,MASKED,MASKED,1954-11-05
P1273,Kavya,Banerjee,36,F,MASKED,MASKED,MASKED,1990-05-07
P1274,Sara,Ghosh,38,M,MASKED,MASKED,MASKED,1988-09-15
P1275,Anika,Iyer,84,M,MASKED,MASKED,MASKED,1942-10-03
P1276,Kavya,Mishra,89,F,MASKED,MASKED,MASKED,1937-01-11
P1277,Sai,Mishra,25,M,MASKED,MASKED,MASKED,2001-02-06
P1278,Aditya,Naidu,18,M,MASKED,MASKED,MASKED,2008-10-07
P1279,Ira,Reddy,82,M,MASKED,MASKED,MASKED,1944-02-13
P1280,Anika,Pillai,66,M,MASKED,MASKED,MASKED,1960-06-02
P1281,Krishna,Joshi,54,F,MASKED,MASKED,MASKED,1972-01-21
P1282,Kavya,Chatterjee,35,M,MASKED,MASKED,MASKED,1991-09-09
P1283,Sara,Mishra,80,M,MASKED,MASKED,MASKED,1946-02-17
P1284,Vivaan,Mishra,61,M,MASKED,MASKED,MASKED,1965-04-19
P1285,Riya,Agarwal,41,M,MASKED,MASKED,MASKED,1985-03-09
P1286,Aditya,Mishra,33,F,MASKED,MASKED,MASKED,1993-10-05
P1287,Ishaan,Kulkarni,68,F,MASKED,MASKED,MASKED,1958-02-01
P1288,Riya,Khan,33,M,MASKED,MASKED,MASKED,1993-08-22
P1289,Reyansh,Reddy,14,M,MASKED,MASKED,MASKED,2012-12-25
P1290,Aditya,Mishra,21,M,MASKED,MASKED,MASKED,2005-12-24
P1291,Anika,Verma,48,M,MASKED,MASKED,MASKED,1978-09-14
P1292,Myra,Ghosh,20,M,MASKED,MASKED,MASKED,2006-05-10
P1293,Aditya,Reddy,8,M,MASKED,MASKED,MASKED,2018-10-23
P1294,Ira,Naidu,7,F,MASKED,MASKED,MASKED,2019-10-02
P1295,Muhammad,Agarwal,67,M,MASKED,MASKED,MASKED,1959-01-26
P1296,Aarav,Joshi,17,F,MASKED,MASKED,MASKED,2009-10-07
P1297,Anika,Khan,33,F,MASKED,MASKED,MASKED,1993-08-13
P1298,Ananya,Kulkarni,48,M,MASKED,MASKED,MASKED,1978-09-27
P1299,Aadhya,Mishra,76,F,MASKED,MASKED,MASKED,1950-05-03
P1300,Vivaan,Agarwal,59,F,MASKED,MASKED,MASKED,1967-11-24
P1301,Reyansh,Patel,86,F,MASKED,MASKED,MASKED,1940-12-08
P1302,Arjun,Kulkarni,22,F,MASKED,MASKED,MASKED,2004-01-28
P1303,Ira,Nair,30,F,MASKED,MASKED,MASKED,1996-01-17
P1304,Myra,Khan,38,F,MASKED,MASKED,MASKED,1988-11-07
P1305,Shaurya,Kulkarni,51,M,MASKED,MASKED,MASKED,1975-03-16
P1306,Shaurya,Verma,54,F,MASKED,MASKED,MASKED,1972-04-18
P1307,Aadhya,Iyer,8,F,MASKED,MASKED,MASKED,2018-05-09
P1308,Sai,Mishra,27,F,MASKED,MASKED,MASKED,1999-09-18
P1309,Ananya,Agarwal,27,M,MASKED,MASKED,MASKED,1999-11-17
P1310,Aarav,Singh,21,F,MASKED,MASKED,MASKED,2005-02-06
P1311,Anika,Joshi,30,M,MASKED,MASKED,MASKED,1996-03-06
P1312,Sara,Verma,28,F,MASKED,MASKED,MASKED,1998-01-25
P1313,Aarav,Nair,64,M,MASKED,MASKED,MASKED,1962-09-27
P1314,Anika,Joshi,69,M,MASKED,MASKED,MASKED,1957-10-15
P1315,Kavya,Agarwal,61,F,MASKED,MASKED,MASKED,1965-03-10
P1316,Aadhya,Khan,48,F,MASKED,MASKED,MASKED,1978-10-08
P1317,Ananya,Chatterjee,19,M,MASKED,MASKED,MASKED,2007-11-08
P1318,Shaurya,Ghosh,4,F,MASKED,MASKED,MASKED,2022-05-23
P1319,Kavya,Chatterjee,35,M,MASKED,MASKED,MASKED,1991-12-01
P1320,Arjun,Gupta,64,M,MASKED,MASKED,MASKED,1962-03-02
P1321,Anika,Kulkarni,49,M,MASKED,MASKED,MASKED,1977-12-02
P1322,Krishna,Iyer,17,M,MASKED,MASKED,MASKED,2009-05-16
P1323,Shaurya,Verma,44,M,MASKED,MASKED,MASKED,1982-04-01
P1324,Saanvi,Naidu,30,F,MASKED,MASKED,MASKED,1996-06-21
P1325,Ananya,Banerjee,46,M,MASKED,MASKED,MASKED,1980-01-16
P1326,Anika,Kulkarni,6,M,MASKED,MASKED,MASKED,2020-02-17
P1327,Anika,Joshi,37,F,MASKED,MASKED,MASKED,1989-04-11
P1328,Aditya,Das,24,M,MASKED,MASKED,MASKED,2002-11-03
P1329,Arjun,Sharma,46,F,MASKED,MASKED,MASKED,1980-12-19
P1330,Myra,Agarwal,53,F,MASKED,MASKED,MASKED,1973-06-26
P1331,Aadhya,Naidu,60,F,MASKED,MASKED,MASKED,1966-04-17
P1332,Kavya,Joshi,63,M,MASKED,MASKED,MASKED,1963-07-25
P1333,Kavya,Sharma,85,M,MASKED,MASKED,MASKED,1941-05-08
P1334,Myra,Iyer,32,M,MASKED,MASKED,MASKED,1994-03-09
P1335,Aadhya,Pillai,87,F,MASKED,MASKED,MASKED,1939-12-23
P1336,Arjun,Iyer,33,M,MASKED,MASKED,MASKED,1993-12-21
P1337,Vivaan,Chatterjee,67,F,MASKED,MASKED,MASKED,1959-03-02
P1338,Aarav,Naidu,18,M,MASKED,MASKED,MASKED,2008-08-19
P1339,Shaurya,Gupta,25,F,MASKED,MASKED,MASKED,2001-04-18
P1340,Anika,Chatterjee,54,M,MASKED,MASKED,MASKED,1972-06-12
P1341,Riya,Das,58,M,MASKED,MASKED,MASKED,1968-03-25
P1342,Reyansh,Nair,67,M,MASKED,MASKED,MASKED,1959-06-07
P1343,Ira,Das,46,F,MASKED,MASKED,MASKED,1980-05-06
P1344,Aarav,Reddy,24,F,MASKED,MASKED,MASKED,2002-11-13
P1345,Aarav,Das,32,M,MASKED,MASKED,MASKED,1994-01-08
P1346,Anika,Mishra,47,M,MASKED,MASKED,MASKED,1979-11-09
P1347,Ananya,Khan,86,F,MASKED,MASKED,MASKED,1940-04-19
P1348,Shaurya,Naidu,23,F,MASKED,MASKED,MASKED,2003-12-23
P1349,Myra,Nair,66,F,MASKED,MASKED,MASKED,1960-06-14
P1350,Diya,Verma,27,M,MASKED,MASKED,MASKED,1999-10-08
P1351,Arjun,Khan,2,F,MASKED,MASKED,MASKED,2024-08-05
P1352,Sai,Gupta,17,M,MASKED,MASKED,MASKED,2009-08-23
P1353,Ishaan,Kulkarni,33,F,MASKED,MASKED,MASKED,1993-11-23
P1354,Ira,Naidu,9,M,MASKED,MASKED,MASKED,2017-05-15
P1355,Ishaan,Iyer,43,F,MASKED,MASKED,MASKED,1983-12-17
P1356,Ananya,Reddy,48,F,MASKED,MASKED,MASKED,1978-08-03
P1357,Aditya,Verma,39,F,MASKED,MASKED,MASKED,1987-07-18
P1358,Ishaan,Banerjee,42,F,MASKED,MASKED,MASKED,1984-05-21
P1359,Anika,Chatterjee,26,F,MASKED,MASKED,MASKED,2000-04-07
P1360,Diya,Verma,50,M,MASKED,MASKED,MASKED,1976-01-06
P1361,Anika,Patel,25,F,MASKED,MASKED,MASKED,2001-03-06
P1362,Aditya,Ghosh,24,F,MASKED,MASKED,MASKED,2002-05-16
P1363,Sara,Iyer,13,F,MASKED,MASKED,MASKED,2013-02-16
P1364,Aarav,Ghosh,60,M,MASKED,MASKED,MASKED,1966-12-21
P1365,Anika,Das,7,F,MASKED,MASKED,MASKED,2019-07-14
P1366,Myra,Gupta,57,M,MASKED,MASKED,MASKED,1969-01-04
P1367,Reyansh,Das,36,F,MASKED,MASKED,MASKED,1990-03-21
P1368,Myra,Pillai,45,F,MASKED,MASKED,MASKED,1981-06-03
P1369,Myra,Joshi,20,M,MASKED,MASKED,MASKED,2006-12-02
P1370,Myra,Nair,65,F,MASKED,MASKED,MASKED,1961-04-03
P1371,Diya,Joshi,8,M,MASKED,MASKED,MASKED,2018-11-05
P1372,Arjun,Nair,16,M,MASKED,MASKED,MASKED,2010-09-25
P1373,Sara,Patel,14,F,MASKED,MASKED,MASKED,2012-03-06
P1374,Aditya,Verma,76,M,MASKED,MASKED,MASKED,1950-10-08
P1375,Krishna,Sharma,87,F,MASKED,MASKED,MASKED,1939-02-14
P1376,Krishna,Iyer,15,F,MASKED,MASKED,MASKED,2011-03-03
P1377,Shaurya,Nair,66,M,MASKED,MASKED,MASKED,1960-06-15
P1378,Aditya,Iyer,32,M,MASKED,MASKED,MASKED,1994-02-13
P1379,Kavya,Sharma,87,M,MASKED,MASKED,MASKED,1939-08-13
P1380,Reyansh,Khan,63,M,MASKED,MASKED,MASKED,1963-10-20
P1381,Vivaan,Mehta,86,F,MASKED,MASKED,MASKED,1940-11-22
P1382,Anika,Iyer,51,F,MASKED,MASKED,MASKED,1975-04-07
P1383,Arjun,Nair,25,M,MASKED,MASKED,MASKED,2001-06-18
P1384,Kavya,Khan,58,F,MASKED,MASKED,MASKED,1968-07-14
P1385,Reyansh,Das,63,F,MASKED,MASKED,MASKED,1963-01-03
P1386,Riya,Gupta,62,F,MASKED,MASKED,MASKED,1964-09-14
P1387,Anika,Sharma,22,F,MASKED,MASKED,MASKED,2004-09-19
P1388,Reyansh,Das,58,M,MASKED,MASKED,MASKED,1968-02-17
P1389,Muhammad,Chatterjee,58,M,MASKED,MASKED,MASKED,1968-09-16
P1390,Aarav,Mehta,86,F,MASKED,MASKED,MASKED,1940-03-19
P1391,Aadhya,Mishra,49,M,MASKED,MASKED,MASKED,1977-05-09
P1392,Riya,Iyer,52,M,MASKED,MASKED,MASKED,1974-09-28
P1393,Ishaan,Reddy,42,M,MASKED,MASKED,MASKED,1984-01-21
P1394,Sara,Das,70,F,MASKED,MASKED,MASKED,1956-03-17
P1395,Riya,Iyer,15,F,MASKED,MASKED,MASKED,2011-05-09
P1396,Vivaan,Mishra,54,F,MASKED,MASKED,MASKED,1972-11-01
P1397,Ishaan,Patel,60,M,MASKED,MASKED,MASKED,1966-02-02
P1398,Krishna,Khan,8,F,MASKED,MASKED,MASKED,2018-08-22
P1399,Ananya,Das,53,F,MASKED,MASKED,MASKED,1973-05-06
P1400,Shaurya,Agarwal,60,M,MASKED,MASKED,MASKED,1966-08-23
P1401,Sai,Mehta,5,F,MASKED,MASKED,MASKED,2021-03-23
P1402,Riya,Khan,68,F,MASKED,MASKED,MASKED,1958-02-19
P1403,Myra,Ghosh,6,M,MASKED,MASKED,MASKED,2020-09-02
P1404,Muhammad,Kulkarni,47,M,MASKED,MASKED,MASKED,1979-04-16
P1405,Aditya,Reddy,55,M,MASKED,MASKED,MASKED,1971-02-07
P1406,Kavya,Verma,40,F,MASKED,MASKED,MASKED,1986-04-23
P1407,Shaurya,Kulkarni,52,F,MASKED,MASKED,MASKED,1974-10-08
P1408,Diya, Mishra,16,F,MASKED,MASKED,MASKED,2010-06-03
P1409,Aadhya,Singh,13,M,MASKED,MASKED,MASKED,2013-01-18
P1410,Sai,Pillai,30,M,MASKED,MASKED,MASKED,1996-02-26
P1411,Vivaan,Gupta,19,F,MASKED,MASKED,MASKED,2007-01-04
P1412,Riya,Iyer,17,F,MASKED,MASKED,MASKED,2009-12-22
P1413,Shaurya, Mehta,63,M,MASKED,MASKED,MASKED,1963-08-02
P1414,Muhammad,Singh,19,M,MASKED,MASKED,MASKED,2007-03-19
P1415,Aadhya,Banerjee,58,M,MASKED,MASKED,MASKED,1968-06-14
P1416,Reyansh,Iyer,55,M,MASKED,MASKED,MASKED,1971-08-26
P1417,Reyansh,Chatterjee,62,F,MASKED,MASKED,MASKED,1964-08-22
P1418,Diya,Khan,23,M,MASKED,MASKED,MASKED,2003-11-03
P1419,Krishna,Iyer,9,F,MASKED,MASKED,MASKED,2017-09-22
P1420,Diya,Pillai,12,F,MASKED,MASKED,MASKED,2014-03-11
P1421,Ira,Naidu,1,F,MASKED,MASKED,MASKED,2025-06-12
P1422,Shaurya,Gupta,58,M,MASKED,MASKED,MASKED,1968-02-03
P1423,Aditya,Gupta,1,M,MASKED,MASKED,MASKED,2025-07-22
P1424,Ananya,Nair,34,M,MASKED,MASKED,MASKED,1992-10-11
P1425,Aarav,Gupta,48,M,MASKED,MASKED,MASKED,1978-06-10
P1426,Shaurya,Iyer,89,F,MASKED,MASKED,MASKED,1937-02-02
P1427,Ira,Banerjee,1,M,MASKED,MASKED,MASKED,2025-03-18
P1428,Ishaan,Mishra,16,M,MASKED,MASKED,MASKED,2010-05-25
P1429,Aadhya,Pillai,61,F,MASKED,MASKED,MASKED,1965-10-27
P1430,Anika,Sharma,64,M,MASKED,MASKED,MASKED,1962-09-28
P1431,Ishaan,Patel,63,F,MASKED,MASKED,MASKED,1963-06-13
P1432,Sai,Chatterjee,69,F,MASKED,MASKED,MASKED,1957-12-14
P1433,Reyansh,Naidu,22,F,MASKED,MASKED,MASKED,2004-02-01
P1434,Kavya,Reddy,67,F,MASKED,MASKED,MASKED,1959-05-27
P1435,Aditya,Pillai,76,F,MASKED,MASKED,MASKED,1950-03-16
P1436,Myra,Reddy,26,F,MASKED,MASKED,MASKED,2000-06-17
P1437,Krishna,Joshi,16,F,MASKED,MASKED,MASKED,2010-07-21
P1438,Reyansh,Banerjee,51,F,MASKED,MASKED,MASKED,1975-11-26
P1439,Aditya,Khan,86,M,MASKED,MASKED,MASKED,1940-07-11
P1440,Reyansh,Chatterjee,57,M,MASKED,MASKED,MASKED,1969-02-04
P1441,Arjun,Khan,29,M,MASKED,MASKED,MASKED,1997-04-05
P1442,Aadhya,Nair,78,M,MASKED,MASKED,MASKED,1948-02-02
P1443,Sai,Naidu,69,F,MASKED,MASKED,MASKED,1957-03-22
P1444,Sai,Gupta,47,M,MASKED,MASKED,MASKED,1979-02-27
P1445,Diya,Naidu,62,F,MASKED,MASKED,MASKED,1964-03-15
P1446,Ishaan,Pillai,69,M,MASKED,MASKED,MASKED,1957-09-05
P1447,Ananya,Mishra,76,M,MASKED,MASKED,MASKED,1950-11-27
P1448,Diya,Joshi,16,M,MASKED,MASKED,MASKED,2010-08-17
P1449,Diya,Sharma,48,F,MASKED,MASKED,MASKED,1978-02-08
P1450,Riya,Khan,85,M,MASKED,MASKED,MASKED,1941-08-04
P1451,Arjun,Iyer,39,F,MASKED,MASKED,MASKED,1987-11-11
P1452,Aadhya,Naidu,33,F,MASKED,MASKED,MASKED,1993-09-11
P1453,Diya,Iyer,23,M,MASKED,MASKED,MASKED,2003-09-22
P1454,Vivaan,Ghosh,10,M,MASKED,MASKED,MASKED,2016-08-18
P1455,Ira,Iyer,69,M,MASKED,MASKED,MASKED,1957-03-27
P1456,Arjun,Verma,34,F,MASKED,MASKED,MASKED,1992-04-08
P1457,Arjun,Mishra,52,M,MASKED,MASKED,MASKED,1974-09-14
P1458,Vivaan,Khan,10,F,MASKED,MASKED,MASKED,2016-12-22
P1459,Krishna,Joshi,19,F,MASKED,MASKED,MASKED,2007-05-09
P1460,Kavya,Pillai,58,M,MASKED,MASKED,MASKED,1968-08-14
P1461,Reyansh,Verma,1,M,MASKED,MASKED,MASKED,2025-09-15
P1462,Reyansh,Kulkarni,69,F,MASKED,MASKED,MASKED,1957-09-07
P1463,Vivaan,Gupta,4,F,MASKED,MASKED,MASKED,2022-05-22
P1464,Sai,Iyer,16,F,MASKED,MASKED,MASKED,2010-11-02
P1465,Vivaan,Chatterjee,24,M,MASKED,MASKED,MASKED,2002-10-10
P1466,Aditya,Reddy,80,F,MASKED,MASKED,MASKED,1946-08-03
P1467,Ishaan,Sharma,2,M,MASKED,MASKED,MASKED,2024-08-14
P1468,Muhammad,Naidu,32,F,MASKED,MASKED,MASKED,1994-12-12
P1469,Aadhya,Reddy,84,F,MASKED,MASKED,MASKED,1942-08-13
P1470,Myra,Kulkarni,24,M,MASKED,MASKED,MASKED,2002-12-01
P1471,Anika,Iyer,12,F,MASKED,MASKED,MASKED,2014-09-23
P1472,Aditya,Singh,50,M,MASKED,MASKED,MASKED,1976-06-06
P1473,Vivaan,Singh,35,M,MASKED,MASKED,MASKED,1991-01-13
P1474,Shaurya,Sharma,33,F,MASKED,MASKED,MASKED,1993-02-08
P1475,Saanvi,Banerjee,33,M,MASKED,MASKED,MASKED,1993-03-14
P1476,Vivaan,Mehta,61,M,MASKED,MASKED,MASKED,1965-06-23
P1477,Kavya,Mishra,51,F,MASKED,MASKED,MASKED,1975-06-20
P1478,Myra,Kulkarni,43,M,MASKED,MASKED,MASKED,1983-05-06
P1479,Shaurya,Pillai,12,M,MASKED,MASKED,MASKED,2014-08-28
P1480,Diya,Singh,67,M,MASKED,MASKED,MASKED,1959-11-21
P1481,Ira,Khan,65,F,MASKED,MASKED,MASKED,1961-01-15
P1482,Saanvi,Singh,33,M,MASKED,MASKED,MASKED,1993-10-22
P1483,Arjun,Das,40,F,MASKED,MASKED,MASKED,1986-11-22
P1484,Kavya,Mishra,74,F,MASKED,MASKED,MASKED,1952-06-02
P1485,Sai,Nair,43,M,MASKED,MASKED,MASKED,1983-07-09
P1486,Vivaan,Singh,44,M,MASKED,MASKED,MASKED,1982-07-24
P1487,Ira,Banerjee,29,M,MASKED,MASKED,MASKED,1997-02-25
P1488,Aditya,Verma,13,F,MASKED,MASKED,MASKED,2013-11-21
P1489,Ishaan,Mehta,12,M,MASKED,MASKED,MASKED,2014-10-02
P1490,Ishaan,Gupta,46,M,MASKED,MASKED,MASKED,1980-02-25
P1491,Shaurya,Khan,2,M,MASKED,MASKED,MASKED,2024-10-26
P1492,Myra,Agarwal,35,M,MASKED,MASKED,MASKED,1991-02-01
P1493,Shaurya,Pillai,87,M,MASKED,MASKED,MASKED,1939-01-07
P1494,Krishna,Chatterjee,81,F,MASKED,MASKED,MASKED,1945-03-16
P1495,Arjun,Nair,8,F,MASKED,MASKED,MASKED,2018-07-02
P1496,Shaurya,Verma,26,M,MASKED,MASKED,MASKED,2000-10-24
P1497,Ishaan,Naidu,74,M,MASKED,MASKED,MASKED,1952-08-20
P1498,Riya,Singh,34,M,MASKED,MASKED,MASKED,1992-11-11
P1499,Myra,Gupta,7,M,MASKED,MASKED,MASKED,2019-03-07
P1500,Ananya,Sharma,68,F,MASKED,MASKED,MASKED,1958-03-27
P1501,Sai,Joshi,58,M,MASKED,MASKED,MASKED,1968-06-25
P1502,Vivaan,Pillai,75,F,MASKED,MASKED,MASKED,1951-01-17
P1503,Riya,Verma,29,F,MASKED,MASKED,MASKED,1997-03-04
P1504,Riya,Ghosh,36,M,MASKED,MASKED,MASKED,1990-11-22
P1505,Myra,Mehta,89,F,MASKED,MASKED,MASKED,1937-03-25
P1506,Diya,Ghosh,21,F,MASKED,MASKED,MASKED,2005-05-14
P1507,Ananya,Khan,36,F,MASKED,MASKED,MASKED,1990-10-21
P1508,Shaurya,Reddy,10,F,MASKED,MASKED,MASKED,2016-04-03
P1509,Ananya,Banerjee,73,M,MASKED,MASKED,MASKED,1953-12-02
P1510,Diya,Chatterjee,24,M,MASKED,MASKED,MASKED,2002-12-19
P1511,Ishaan,Joshi,64,F,MASKED,MASKED,MASKED,1962-06-15
P1512,Reyansh,Nair,49,M,MASKED,MASKED,MASKED,1977-11-17
P1513,Myra,Kulkarni,36,M,MASKED,MASKED,MASKED,1990-03-23
P1514,Aditya,Kulkarni,82,M,MASKED,MASKED,MASKED,1944-06-19
P1515,Ishaan,Iyer,24,M,MASKED,MASKED,MASKED,2002-07-02
P1516,Reyansh,Banerjee,23,M,MASKED,MASKED,MASKED,2003-10-15
P1517,Arjun,Verma,62,F,MASKED,MASKED,MASKED,1964-07-13
P1518,Ira,Kulkarni,37,M,MASKED,MASKED,MASKED,1989-02-07
P1519,Aditya,Verma,12,M,MASKED,MASKED,MASKED,2014-12-27
P1520,Ira,Khan,55,M,MASKED,MASKED,MASKED,1971-01-28
P1521,Krishna,Verma,13,M,MASKED,MASKED,MASKED,2013-05-14
P1522,Reyansh,Singh,23,F,MASKED,MASKED,MASKED,2003-07-27
P1523,Krishna,Verma,89,F,MASKED,MASKED,MASKED,1937-08-18
P1524,Kavya,Banerjee,30,F,MASKED,MASKED,MASKED,1996-10-14
P1525,Kavya,Ghosh,17,F,MASKED,MASKED,MASKED,2009-01-27
P1526,Saanvi,Singh,62,M,MASKED,MASKED,MASKED,1964-05-02
P1527,Ananya,Mehta,84,F,MASKED,MASKED,MASKED,1942-11-09
P1528,Diya,Sharma,89,M,MASKED,MASKED,MASKED,1937-01-22
P1529,Kavya,Singh,86,M,MASKED,MASKED,MASKED,1940-06-13
P1530,Riya,Patel,13,M,MASKED,MASKED,MASKED,2013-11-10
P1531,Reyansh,Sharma,59,M,MASKED,MASKED,MASKED,1967-09-16
P1532,Diya,Banerjee,19,M,MASKED,MASKED,MASKED,2007-09-24
P1533,Aditya,Verma,49,F,MASKED,MASKED,MASKED,1977-05-04
P1534,Ananya,Pillai,12,F,MASKED,MASKED,MASKED,2014-04-11
P1535,Arjun,Pillai,61,F,MASKED,MASKED,MASKED,1965-07-26
P1536,Riya,Nair,19,F,MASKED,MASKED,MASKED,2007-08-25
P1537,Reyansh,Joshi,76,M,MASKED,MASKED,MASKED,1950-10-21
P1538,Aditya,Mehta,9,F,MASKED,MASKED,MASKED,2017-01-15
P1539,Anika,Nair,71,M,MASKED,MASKED,MASKED,1955-02-01
P1540,Kavya,Khan,28,F,MASKED,MASKED,MASKED,1998-03-26
P1541,Sai,Banerjee,78,M,MASKED,MASKED,MASKED,1948-10-11
P1542,Sai, Kulkarni,52,M,MASKED,MASKED,MASKED,1974-11-07
P1543,Saanvi,Naidu,83,F,MASKED,MASKED,MASKED,1943-03-27
P1544,Vivaan,Naidu,16,M,MASKED,MASKED,MASKED,2010-01-07
P1545,Saanvi,Reddy,69,M,MASKED,MASKED,MASKED,1957-01-27
P1546,Aadhya,Kulkarni,12,F,MASKED,MASKED,MASKED,2014-12-03
P1547,Anika,Iyer,25,M,MASKED,MASKED,MASKED,2001-04-28
P1548,Saanvi,Nair,52,F,MASKED,MASKED,MASKED,1974-11-20
P1549,Vivaan,Banerjee,85,F,MASKED,MASKED,MASKED,1941-08-09
P1550,Ira,Agarwal,53,F,MASKED,MASKED,MASKED,1973-10-06
P1551,Arjun,Agarwal,23,M,MASKED,MASKED,MASKED,2003-10-11
P1552,Ananya,Patel,16,M,MASKED,MASKED,MASKED,2010-11-03
P1553,Anika,Khan,57,M,MASKED,MASKED,MASKED,1969-04-11
P1554,Diya,Mishra,39,F,MASKED,MASKED,MASKED,1987-07-27
P1555,Saanvi,Joshi,53,M,MASKED,MASKED,MASKED,1973-12-27
P1556,Myra,Ghosh,42,F,MASKED,MASKED,MASKED,1984-10-28
P1557,Anika,Kulkarni,58,F,MASKED,MASKED,MASKED,1968-01-19
P1558,Diya,Joshi,39,M,MASKED,MASKED,MASKED,1987-04-16
P1559,Aditya,Khan,14,F,MASKED,MASKED,MASKED,2012-04-03
P1560,Muhammad,Joshi,5,M,MASKED,MASKED,MASKED,2021-07-06
P1561,Aditya,Nair,35,M,MASKED,MASKED,MASKED,1991-10-10
P1562,Diya,Kulkarni,87,M,MASKED,MASKED,MASKED,1939-10-16
P1563,Aarav,Pillai,75,M,MASKED,MASKED,MASKED,1951-10-24
P1564,Saanvi,Chatterjee,18,M,MASKED,MASKED,MASKED,2008-08-14
P1565,Vivaan,Naidu,76,F,MASKED,MASKED,MASKED,1950-01-03
P1566,Vivaan,Singh,9,F,MASKED,MASKED,MASKED,2017-02-03
P1567,Sara,Mehta,74,F,MASKED,MASKED,MASKED,1952-09-24
P1568,Shaurya,Iyer,58,M,MASKED,MASKED,MASKED,1968-11-26
P1569,Muhammad,Nair,17,M,MASKED,MASKED,MASKED,2009-02-01
P1570,Ananya,Reddy,7,M,MASKED,MASKED,MASKED,2019-06-18
P1571,Diya,Joshi,46,F,MASKED,MASKED,MASKED,1980-01-13
P1572,Sara,Banerjee,13,M,MASKED,MASKED,MASKED,2013-12-18
P1573,Ishaan,Singh,40,F,MASKED,MASKED,MASKED,1986-10-19
P1574,Shaurya,Mehta,42,F,MASKED,MASKED,MASKED,1984-10-03
P1575,Ananya,Mishra,9,M,MASKED,MASKED,MASKED,2017-05-11
P1576,Ira,Naidu,50,M,MASKED,MASKED,MASKED,1976-07-17
P1577,Shaurya,Joshi,27,F,MASKED,MASKED,MASKED,1999-09-27
P1578,Shaurya,Singh,66,M,MASKED,MASKED,MASKED,1960-05-19
P1579,Kavya,Nair,5,F,MASKED,MASKED,MASKED,2021-03-27
P1580,Krishna,Iyer,29,M,MASKED,MASKED,MASKED,1997-05-15
P1581,Shaurya,Mishra,37,M,MASKED,MASKED,MASKED,1989-12-24
P1582,Kavya,Pillai,38,F,MASKED,MASKED,MASKED,1988-10-06
P1583,Sara,Mishra,83,M,MASKED,MASKED,MASKED,1943-11-23
P1584,Ananya,Iyer,8,F,MASKED,MASKED,MASKED,2018-07-23
P1585,Saanvi,Gupta,65,M,MASKED,MASKED,MASKED,1961-12-28
P1586,Aditya,Banerjee,86,F,MASKED,MASKED,MASKED,1940-02-25
P1587,Ira,Mishra,17,F,MASKED,MASKED,MASKED,2009-08-19
P1588,Sara,Singh,71,M,MASKED,MASKED,MASKED,1955-07-04
P1589,Shaurya,Reddy,89,F,MASKED,MASKED,MASKED,1937-02-07
P1590,Vivaan,Naidu,45,M,MASKED,MASKED,MASKED,1981-04-12
P1591,Krishna,Mehta,4,M,MASKED,MASKED,MASKED,2022-05-23
P1592,Ananya,Reddy,36,M,MASKED,MASKED,MASKED,1990-04-20
P1593,Myra,Iyer,70,F,MASKED,MASKED,MASKED,1956-10-26
P1594,Diya,Patel,31,F,MASKED,MASKED,MASKED,1995-04-06
P1595,Reyansh,Mishra,19,M,MASKED,MASKED,MASKED,2007-02-26
P1596,Vivaan,Das,61,M,MASKED,MASKED,MASKED,1965-02-04
P1597,Kavya,Agarwal,54,F,MASKED,MASKED,MASKED,1972-10-18
P1598,Aadhya,Gupta,39,M,MASKED,MASKED,MASKED,1987-06-05
P1599,Ira,Nair,74,M,MASKED,MASKED,MASKED,1952-12-19
P1600,Sara,Agarwal,19,F,MASKED,MASKED,MASKED,2007-11-28
P1601,Krishna,Naidu,39,M,MASKED,MASKED,MASKED,1987-12-28
P1602,Krishna,Sharma,67,F,MASKED,MASKED,MASKED,1959-03-07
P1603,Ananya,Gupta,45,M,MASKED,MASKED,MASKED,1981-03-02
P1604,Riya,Mishra,13,F,MASKED,MASKED,MASKED,2013-11-24
P1605,Anika,Kulkarni,58,M,MASKED,MASKED,MASKED,1968-04-01
P1606,Sara,Chatterjee,20,M,MASKED,MASKED,MASKED,2006-12-28
P1607,Ira,Sharma,72,F,MASKED,MASKED,MASKED,1954-11-04
P1608,Krishna,Verma,61,M,MASKED,MASKED,MASKED,1965-01-03
P1609,Vivaan,Mishra,39,F,MASKED,MASKED,MASKED,1987-10-16
P1610,Diya,Singh,1,M,MASKED,MASKED,MASKED,2025-10-18
P1611,Sai,Banerjee,3,F,MASKED,MASKED,MASKED,2023-05-22
P1612,Ananya,Pillai,77,F,MASKED,MASKED,MASKED,1949-07-13
P1613,Arjun,Singh,62,F,MASKED,MASKED,MASKED,1964-03-28
P1614,Aarav,Reddy,63,F,MASKED,MASKED,MASKED,1963-09-12
P1615,Kavya, Patel,25,M,MASKED,MASKED,MASKED,2001-07-16
P1616,Anika,Kulkarni,56,M,MASKED,MASKED,MASKED,1970-06-28
P1617,Reyansh,Ghosh,33,F,MASKED,MASKED,MASKED,1993-12-05
P1618,Ishaan,Sharma,38,F,MASKED,MASKED,MASKED,1988-11-20
P1619,Ananya,Banerjee,6,F,MASKED,MASKED,MASKED,2020-03-12
P1620,Saanvi,Kulkarni,58,M,MASKED,MASKED,MASKED,1968-04-10
P1621,Aarav,Singh,44,M,MASKED,MASKED,MASKED,1982-06-24
P1622,Riya,Khan,45,M,MASKED,MASKED,MASKED,1981-01-05
P1623,Diya,Mehta,32,M,MASKED,MASKED,MASKED,1994-03-12
P1624,Riya,Naidu,45,F,MASKED,MASKED,MASKED,1981-08-22
P1625,Riya,Patel,61,F,MASKED,MASKED,MASKED,1965-03-05
P1626,Arjun,Kulkarni,47,F,MASKED,MASKED,MASKED,1979-07-08
P1627,Aditya,Iyer,21,M,MASKED,MASKED,MASKED,2005-10-06
P1628,Sara,Verma,80,M,MASKED,MASKED,MASKED,1946-01-13
P1629,Kavya,Banerjee,85,M,MASKED,MASKED,MASKED,1941-06-09
P1630,Aadhya,Chatterjee,75,F,MASKED,MASKED,MASKED,1951-02-14
P1631,Muhammad,Das,36,F,MASKED,MASKED,MASKED,1990-04-23
P1632,Ananya,Kulkarni,19,M,MASKED,MASKED,MASKED,2007-09-23
P1633,Sara,Verma,20,F,MASKED,MASKED,MASKED,2006-12-05
P1634,Riya,Naidu,57,M,MASKED,MASKED,MASKED,1969-07-13
P1635,Aarav,Khan,18,M,MASKED,MASKED,MASKED,2008-05-28
P1636,Reyansh,Ghosh,47,F,MASKED,MASKED,MASKED,1979-03-09
P1637,Aditya,Nair,49,M,MASKED,MASKED,MASKED,1977-07-20
P1638,Krishna,Banerjee,14,F,MASKED,MASKED,MASKED,2012-11-21
P1639,Diya,Mishra,15,M,MASKED,MASKED,MASKED,2011-03-16
P1640,Krishna,Banerjee,31,F,MASKED,MASKED,MASKED,1995-07-22
P1641,Myra,Gupta,1,F,MASKED,MASKED,MASKED,2025-07-13
P1642,Shaurya,Banerjee,54,F,MASKED,MASKED,MASKED,1972-12-27
P1643,Muhammad,Das,3,M,MASKED,MASKED,MASKED,2023-12-09
P1644,Diya,Iyer,16,M,MASKED,MASKED,MASKED,2010-07-13
P1645,Aditya,Singh,87,F,MASKED,MASKED,MASKED,1939-10-11
P1646,Ananya,Gupta,57,F,MASKED,MASKED,MASKED,1969-10-27
P1647,Anika,Nair,75,M,MASKED,MASKED,MASKED,1951-12-26
P1648,Arjun,Agarwal,12,M,MASKED,MASKED,MASKED,2014-07-16
P1649,Aditya,Joshi,74,M,MASKED,MASKED,MASKED,1952-02-19
P1650,Aadhya,Mehta,16,F,MASKED,MASKED,MASKED,2010-06-12
P1651,Krishna,Singh,72,M,MASKED,MASKED,MASKED,1954-12-14
P1652,Aarav,Chatterjee,76,M,MASKED,MASKED,MASKED,1950-02-01
P1653,Shaurya,Reddy,24,F,MASKED,MASKED,MASKED,2002-03-02
P1654,Ishaan,Nair,28,M,MASKED,MASKED,MASKED,1998-03-09
P1655,Aditya,Singh,8,M,MASKED,MASKED,MASKED,2018-06-21
P1656,Aarav,Chatterjee,36,M,MASKED,MASKED,MASKED,1990-04-10
P1657,Sai,Kulkarni,8,F,MASKED,MASKED,MASKED,2018-10-02
P1658,Saanvi,Joshi,58,F,MASKED,MASKED,MASKED,1968-12-12
P1659,Riya,Mishra,60,F,MASKED,MASKED,MASKED,1966-03-05
P1660,Anika,Das,50,F,MASKED,MASKED,MASKED,1976-06-10
P1661,Krishna,Nair,28,F,MASKED,MASKED,MASKED,1998-05-18
P1662,Ira,Verma,41,F,MASKED,MASKED,MASKED,1985-03-23
P1663,Saanvi,Das,64,F,MASKED,MASKED,MASKED,1962-11-05
P1664,Myra,Naidu,27,M,MASKED,MASKED,MASKED,1999-12-27
P1665,Vivaan,Singh,63,M,MASKED,MASKED,MASKED,1963-08-15
P1666,Diya,Das,17,F,MASKED,MASKED,MASKED,2009-08-07
P1667,Shaurya,Agarwal,73,M,MASKED,MASKED,MASKED,1953-01-26
P1668,Ishaan,Banerjee,33,M,MASKED,MASKED,MASKED,1993-07-03
P1669,Myra,Mehta,84,F,MASKED,MASKED,MASKED,1942-07-16
P1670,Aarav,Banerjee,77,M,MASKED,MASKED,MASKED,1949-06-22
P1671,Aadhya,Verma,29,M,MASKED,MASKED,MASKED,1997-11-19
P1672,Diya,Joshi,13,M,MASKED,MASKED,MASKED,2013-06-27
P1673,Muhammad,Das,46,M,MASKED,MASKED,MASKED,1980-06-04
P1674,Myra,Agarwal,35,M,MASKED,MASKED,MASKED,1991-02-03
P1675,Myra,Das,6,F,MASKED,MASKED,MASKED,2020-11-10
P1676,Reyansh,Reddy,82,F,MASKED,MASKED,MASKED,1944-06-26
P1677,Diya,Naidu,69,F,MASKED,MASKED,MASKED,1957-12-20
P1678,Arjun,Joshi,47,M,MASKED,MASKED,MASKED,1979-11-13
P1679,Sai,Pillai,25,F,MASKED,MASKED,MASKED,2001-03-11
P1680,Ira,Iyer,66,M,MASKED,MASKED,MASKED,1960-12-24
P1681,Anika,Agarwal,10,M,MASKED,MASKED,MASKED,2016-02-05
P1682,Krishna,Nair,56,M,MASKED,MASKED,MASKED,1970-04-13
P1683,Arjun,Das,30,M,MASKED,MASKED,MASKED,1996-05-01
P1684,Kavya,Banerjee,5,F,MASKED,MASKED,MASKED,2021-10-01
P1685,Myra,Ghosh,33,F,MASKED,MASKED,MASKED,1993-05-09
P1686,Ishaan,Khan,65,M,MASKED,MASKED,MASKED,1961-11-28
P1687,Aadhya,Pillai,18,F,MASKED,MASKED,MASKED,2008-10-04
P1688,Saanvi,Gupta,49,M,MASKED,MASKED,MASKED,1977-05-20
P1689,Ira,Patel,11,F,MASKED,MASKED,MASKED,2015-03-25
P1690,Krishna,Kulkarni,85,F,MASKED,MASKED,MASKED,1941-10-07
P1691,Vivaan,Agarwal,26,M,MASKED,MASKED,MASKED,2000-08-16
P1692,Sara,Verma,63,F,MASKED,MASKED,MASKED,1963-01-21
P1693,Ira,Gupta,89,M,MASKED,MASKED,MASKED,1937-07-24
P1694,Saanvi,Patel,86,F,MASKED,MASKED,MASKED,1940-11-04
P1695,Kavya, iyer,59,M,MASKED,MASKED,MASKED,1967-09-01
P1696,Riya,Sharma,27,M,MASKED,MASKED,MASKED,1999-06-25
P1697,Aditya,Nair,49,F,MASKED,MASKED,MASKED,1977-01-22
P1698,Ira,Naidu,77,F,MASKED,MASKED,MASKED,1949-11-05
P1699,Vivaan,Agarwal,33,M,MASKED,MASKED,MASKED,1993-03-22
P1700,Kavya,Pillai,1,F,MASKED,MASKED,MASKED,2025-06-09
P1701,Aditya,Gupta,21,F,MASKED,MASKED,MASKED,2005-02-02
P1702,Aadhya,Mehta,55,M,MASKED,MASKED,MASKED,1971-11-02
P1703,Aditya,Joshi,6,M,MASKED,MASKED,MASKED,2020-12-23
P1704,Shaurya,Singh,81,F,MASKED,MASKED,MASKED,1945-02-06
P1705,Saanvi,Sharma,69,M,MASKED,MASKED,MASKED,1957-07-11
P1706,Arjun,Patel,5,M,MASKED,MASKED,MASKED,2021-01-27
P1707,Saanvi,Das,3,M,MASKED,MASKED,MASKED,2023-09-09
P1708,Anika,Ghosh,53,F,MASKED,MASKED,MASKED,1973-03-14
P1709,Sai,Patel,23,F,MASKED,MASKED,MASKED,2003-11-22
P1710,Vivaan,Verma,53,M,MASKED,MASKED,MASKED,1973-09-23
P1711,Ira, Joshi,37,F,MASKED,MASKED,MASKED,1989-10-18
P1712,Krishna,Joshi,74,M,MASKED,MASKED,MASKED,1952-12-07
P1713,Kavya,Verma,74,F,MASKED,MASKED,MASKED,1952-05-06
P1714,Ira,Joshi,83,M,MASKED,MASKED,MASKED,1943-05-19
P1715,Vivaan,Mishra,17,M,MASKED,MASKED,MASKED,2009-07-14
P1716,Shaurya,Mehta,85,F,MASKED,MASKED,MASKED,1941-09-19
P1717,Arjun,Pillai,78,M,MASKED,MASKED,MASKED,1948-06-20
P1718,Aditya,Joshi,73,F,MASKED,MASKED,MASKED,1953-03-08
P1719,Shaurya,Ghosh,1,F,MASKED,MASKED,MASKED,2025-02-08
P1720,Anika,Agarwal,51,M,MASKED,MASKED,MASKED,1975-05-27
P1721,Kavya,Kulkarni,45,M,MASKED,MASKED,MASKED,1981-08-16
P1722,Shaurya,Naidu,77,F,MASKED,MASKED,MASKED,1949-01-10
P1723,Kavya,Iyer,4,M,MASKED,MASKED,MASKED,2022-05-01
P1724,Myra,Patel,62,M,MASKED,MASKED,MASKED,1964-08-23
P1725,Aadhya,Singh,65,M,MASKED,MASKED,MASKED,1961-03-23
P1726,Muhammad,Reddy,32,M,MASKED,MASKED,MASKED,1994-04-25
P1727,Aadhya,das,34,M,MASKED,MASKED,MASKED,1992-11-27
P1728,Ira, patel,72,F,MASKED,MASKED,MASKED,1954-10-18
P1729,Aarav,Naidu,39,F,MASKED,MASKED,MASKED,1987-06-01
P1730,Myra,Patel,26,M,MASKED,MASKED,MASKED,2000-09-10
P1731,Krishna,Mishra,34,M,MASKED,MASKED,MASKED,1992-03-07
P1732,Ira,Reddy,54,M,MASKED,MASKED,MASKED,1972-02-18
P1733,Anika,Nair,3,F,MASKED,MASKED,MASKED,2023-01-01
P1734,Aadhya,Naidu,50,M,MASKED,MASKED,MASKED,1976-08-04
P1735,Aarav,Kulkarni,12,F,MASKED,MASKED,MASKED,2014-10-02
P1736,Aarav,Naidu,65,F,MASKED,MASKED,MASKED,1961-05-05
P1737,Ishaan,Chatterjee,54,F,MASKED,MASKED,MASKED,1972-09-10
P1738,Ananya,Pillai,5,M,MASKED,MASKED,MASKED,2021-09-08
P1739,Sai,Pillai,57,F,MASKED,MASKED,MASKED,1969-10-13
P1740,Sara,Chatterjee,17,M,MASKED,MASKED,MASKED,2009-03-22
P1741,Anika,Ghosh,47,F,MASKED,MASKED,MASKED,1979-12-27
P1742,Aditya,Mehta,23,M,MASKED,MASKED,MASKED,2003-03-13
P1743,Saanvi,Mishra,79,F,MASKED,MASKED,MASKED,1947-05-12
P1744,Saanvi,Pillai,85,M,MASKED,MASKED,MASKED,1941-01-15
P1745,Muhammad,Kulkarni,14,F,MASKED,MASKED,MASKED,2012-03-09
P1746,Aarav,Mishra,66,M,MASKED,MASKED,MASKED,1960-10-11
P1747,Kavya,Joshi,75,M,MASKED,MASKED,MASKED,1951-08-04
P1748,Sara,Singh,51,M,MASKED,MASKED,MASKED,1975-06-11
P1749,Sara,Agarwal,38,M,MASKED,MASKED,MASKED,1988-04-26
P1750,Ananya,Verma,64,F,MASKED,MASKED,MASKED,1962-12-14
P1751,Sai,Reddy,38,F,MASKED,MASKED,MASKED,1988-06-08
P1752,Ira,Singh,50,M,MASKED,MASKED,MASKED,1976-11-16
P1753,Diya,Reddy,82,F,MASKED,MASKED,MASKED,1944-06-11
P1754,Arjun,Gupta,30,M,MASKED,MASKED,MASKED,1996-05-25
P1755,Reyansh,Verma,79,M,MASKED,MASKED,MASKED,1947-06-05
P1756,Ira,Nair,51,F,MASKED,MASKED,MASKED,1975-07-21
P1757,Anika,Ghosh,63,M,MASKED,MASKED,MASKED,1963-07-11
P1758,Shaurya,Agarwal,52,M,MASKED,MASKED,MASKED,1974-09-28
P1759,Vivaan,Pillai,38,F,MASKED,MASKED,MASKED,1988-02-12
P1760,Sai,Agarwal,88,M,MASKED,MASKED,MASKED,1938-03-04
P1761,Myra,Joshi,79,M,MASKED,MASKED,MASKED,1947-07-24
P1762,Sara,Nair,30,M,MASKED,MASKED,MASKED,1996-06-26
P1763,Sara,Patel,51,M,MASKED,MASKED,MASKED,1975-02-23
P1764,Myra,Gupta,81,F,MASKED,MASKED,MASKED,1945-08-27
P1765,Saanvi,Gupta,5,F,MASKED,MASKED,MASKED,2021-12-06
P1766,Ira,Banerjee,29,F,MASKED,MASKED,MASKED,1997-11-16
P1767,Sai,Singh,4,M,MASKED,MASKED,MASKED,2022-11-14
P1768,Krishna,Ghosh,10,M,MASKED,MASKED,MASKED,2016-05-17
P1769,Aditya,Ghosh,56,F,MASKED,MASKED,MASKED,1970-08-24
P1770,Myra,Mehta,17,M,MASKED,MASKED,MASKED,2009-06-05
P1771,Kavya,Reddy,74,M,MASKED,MASKED,MASKED,1952-04-06
P1772,Sai,Chatterjee,17,M,MASKED,MASKED,MASKED,2009-09-04
P1773,Saanvi,Singh,84,M,MASKED,MASKED,MASKED,1942-11-13
P1774,Aditya,Ghosh,88,F,MASKED,MASKED,MASKED,1938-04-27
P1775,Kavya,Das,69,F,MASKED,MASKED,MASKED,1957-07-10
P1776,Ananya,Banerjee,34,F,MASKED,MASKED,MASKED,1992-06-25
P1777,Arjun,Sharma,6,M,MASKED,MASKED,MASKED,2020-03-26
P1778,Krishna,Verma,53,F,MASKED,MASKED,MASKED,1973-04-02
P1779,Muhammad,Naidu,66,F,MASKED,MASKED,MASKED,1960-08-18
P1780,Reyansh,Naidu,77,M,MASKED,MASKED,MASKED,1949-01-06
P1781,Arjun,Singh,43,M,MASKED,MASKED,MASKED,1983-07-01
P1782,Sara,Nair,75,F,MASKED,MASKED,MASKED,1951-08-03
P1783,Anika,Kulkarni,23,F,MASKED,MASKED,MASKED,2003-02-12
P1784,Ira,Kulkarni,55,F,MASKED,MASKED,MASKED,1971-09-21
P1785,Aadhya,Kulkarni,80,F,MASKED,MASKED,MASKED,1946-06-19
P1786,Krishna,Verma,75,M,MASKED,MASKED,MASKED,1951-08-28
P1787,Reyansh,Mehta,16,F,MASKED,MASKED,MASKED,2010-07-13
P1788,Reyansh,Mishra,8,F,MASKED,MASKED,MASKED,2018-08-16
P1789,Anika,Ghosh,4,M,MASKED,MASKED,MASKED,2022-07-12
P1790,Sai,Banerjee,4,F,MASKED,MASKED,MASKED,2022-01-20
P1791,Ananya,Joshi,56,M,MASKED,MASKED,MASKED,1970-08-06
P1792,Ishaan,Chatterjee,25,M,MASKED,MASKED,MASKED,2001-06-04
P1793,Anika,Joshi,67,M,MASKED,MASKED,MASKED,1959-02-07
P1794,Krishna,Joshi,67,F,MASKED,MASKED,MASKED,1959-05-09
P1795,Sara,Chatterjee,27,F,MASKED,MASKED,MASKED,1999-06-19
P1796,Diya,Agarwal,32,M,MASKED,MASKED,MASKED,1994-12-10
P1797,Anika,Joshi,50,F,MASKED,MASKED,MASKED,1976-02-16
P1798,Aarav,Mishra,61,F,MASKED,MASKED,MASKED,1965-11-26
P1799,Muhammad,Singh,51,M,MASKED,MASKED,MASKED,1975-09-22
P1800,Reyansh,Joshi,19,M,MASKED,MASKED,MASKED,2007-03-14
P1801,Arjun,Sharma,21,F,MASKED,MASKED,MASKED,2005-10-19
P1802,Myra,Gupta,5,M,MASKED,MASKED,MASKED,2021-07-14
P1803,Krishna,Singh,82,F,MASKED,MASKED,MASKED,1944-01-03
P1804,Muhammad,Banerjee,42,F,MASKED,MASKED,MASKED,1984-03-08
P1805,Kavya,Patel,61,F,MASKED,MASKED,MASKED,1965-12-07
P1806,Sai,Ghosh,22,F,MASKED,MASKED,MASKED,2004-07-18
P1807,Aadhya,Kulkarni,21,M,MASKED,MASKED,MASKED,2005-10-25
P1808,Aditya,Joshi,70,M,MASKED,MASKED,MASKED,1956-11-24
P1809,Diya,Mishra,1,M,MASKED,MASKED,MASKED,2025-01-10
P1810,Ishaan,Naidu,5,M,MASKED,MASKED,MASKED,2021-09-25
P1811,Muhammad, Banerjee,12,F,MASKED,MASKED,MASKED,2014-01-04
P1812,Muhammad,Patel,46,F,MASKED,MASKED,MASKED,1980-01-05
P1813,Kavya,Joshi,34,M,MASKED,MASKED,MASKED,1992-04-19
P1814,Reyansh,Pillai,49,F,MASKED,MASKED,MASKED,1977-09-22
P1815,Myra,Agarwal,78,F,MASKED,MASKED,MASKED,1948-11-11
P1816,Shaurya,Joshi,45,F,MASKED,MASKED,MASKED,1981-09-13
P1817,Reyansh,Patel,27,M,MASKED,MASKED,MASKED,1999-07-02
P1818,Aditya,Das,73,M,MASKED,MASKED,MASKED,1953-01-05
P1819,Vivaan,Joshi,26,M,MASKED,MASKED,MASKED,2000-07-20
P1820,Myra,Banerjee,47,F,MASKED,MASKED,MASKED,1979-07-20
P1821,Aadhya,Pillai,86,M,MASKED,MASKED,MASKED,1940-08-06
P1822,Ira,Agarwal,56,M,MASKED,MASKED,MASKED,1970-11-01
P1823,Reyansh,Banerjee,63,M,MASKED,MASKED,MASKED,1963-10-21
P1824,Ira,Agarwal,48,M,MASKED,MASKED,MASKED,1978-12-07
P1825,Ishaan,Iyer,61,M,MASKED,MASKED,MASKED,1965-09-21
P1826,Ananya,Agarwal,81,M,MASKED,MASKED,MASKED,1945-12-18
P1827,Ananya,Khan,26,F,MASKED,MASKED,MASKED,2000-03-28
P1828,Reyansh,Banerjee,36,F,MASKED,MASKED,MASKED,1990-08-23
P1829,Ananya,Reddy,1,M,MASKED,MASKED,MASKED,2025-03-17
P1830,Myra,Joshi,8,M,MASKED,MASKED,MASKED,2018-12-26
P1831,Diya,Banerjee,52,F,MASKED,MASKED,MASKED,1974-06-24
P1832,Kavya,Banerjee,79,F,MASKED,MASKED,MASKED,1947-09-16
P1833,Aadhya,Das,47,M,MASKED,MASKED,MASKED,1979-06-16
P1834,Riya,Singh,56,M,MASKED,MASKED,MASKED,1970-09-28
P1835,Ishaan,Naidu,86,M,MASKED,MASKED,MASKED,1940-01-20
P1836,Saanvi,Chatterjee,14,M,MASKED,MASKED,MASKED,2012-08-04
P1837,Ananya,Gupta,28,F,MASKED,MASKED,MASKED,1998-10-16
P1838,Ishaan,Kulkarni,87,M,MASKED,MASKED,MASKED,1939-08-21
P1839,Ishaan,Nair,78,M,MASKED,MASKED,MASKED,1948-11-15
P1840,Aditya,Joshi,88,M,MASKED,MASKED,MASKED,1938-06-21
P1841,Diya,Das,2,M,MASKED,MASKED,MASKED,2024-04-19
P1842,Ira,Banerjee,26,F,MASKED,MASKED,MASKED,2000-04-09
P1843,Vivaan,Patel,14,F,MASKED,MASKED,MASKED,2012-07-02
P1844,Vivaan,Pillai,59,F,MASKED,MASKED,MASKED,1967-07-11
P1845,Aadhya,Sharma,56,M,MASKED,MASKED,MASKED,1970-08-02
P1846,Vivaan,Verma,7,M,MASKED,MASKED,MASKED,2019-05-04
P1847,Ananya,Agarwal,3,F,MASKED,MASKED,MASKED,2023-04-11
P1848,Kavya,Reddy,23,M,MASKED,MASKED,MASKED,2003-04-15
P1849,Anika,Nair,18,M,MASKED,MASKED,MASKED,2008-01-17
P1850,Aarav,Agarwal,38,F,MASKED,MASKED,MASKED,1988-02-18
P1851,Reyansh,Patel,15,F,MASKED,MASKED,MASKED,2011-11-11
P1852,Sai,Gupta,64,F,MASKED,MASKED,MASKED,1962-01-01
P1853,Diya,Agarwal,89,F,MASKED,MASKED,MASKED,1937-04-25
P1854,Kavya,Banerjee,28,M,MASKED,MASKED,MASKED,1998-04-22
P1855,Muhammad,Naidu,74,M,MASKED,MASKED,MASKED,1952-08-28
P1856,Diya,Khan,39,F,MASKED,MASKED,MASKED,1987-12-17
P1857,Ira,Khan,57,M,MASKED,MASKED,MASKED,1969-08-09
P1858,Myra,Gupta,17,F,MASKED,MASKED,MASKED,2009-04-23
P1859,Shaurya,Khan,86,F,MASKED,MASKED,MASKED,1940-12-26
P1860,Sara,Chatterjee,44,M,MASKED,MASKED,MASKED,1982-06-01
P1861,Ananya,Mishra,25,F,MASKED,MASKED,MASKED,2001-04-03
P1862,Diya,Joshi,17,M,MASKED,MASKED,MASKED,2009-03-11
P1863,Diya,Agarwal,13,M,MASKED,MASKED,MASKED,2013-12-04
P1864,Anika,Singh,84,M,MASKED,MASKED,MASKED,1942-05-25
P1865,Ishaan,Mehta,25,M,MASKED,MASKED,MASKED,2001-03-13
P1866,Ishaan,Gupta,68,F,MASKED,MASKED,MASKED,1958-08-04
P1867,Kavya,Das,10,M,MASKED,MASKED,MASKED,2016-07-21
P1868,Myra,Patel,67,F,MASKED,MASKED,MASKED,1959-02-28
P1869,Ira,Reddy,18,F,MASKED,MASKED,MASKED,2008-09-02
P1870,Reyansh,Patel,86,F,MASKED,MASKED,MASKED,1940-07-28
P1871,Ananya,Kulkarni,34,F,MASKED,MASKED,MASKED,1992-05-23
P1872,Krishna,Joshi,8,M,MASKED,MASKED,MASKED,2018-11-14
P1873,Shaurya,Reddy,40,M,MASKED,MASKED,MASKED,1986-11-09
P1874,Muhammad,Naidu,83,F,MASKED,MASKED,MASKED,1943-12-20
P1875,Ishaan, Agarwal,42,F,MASKED,MASKED,MASKED,1984-04-17
P1876,Arjun,Ghosh,41,M,MASKED,MASKED,MASKED,1985-11-09
P1877,Ananya,Khan,6,F,MASKED,MASKED,MASKED,2020-02-04
P1878,Kavya,Sharma,52,M,MASKED,MASKED,MASKED,1974-11-01
P1879,Arjun,Kulkarni,26,F,MASKED,MASKED,MASKED,2000-08-26
P1880,Reyansh,Khan,64,M,MASKED,MASKED,MASKED,1962-06-20
P1881,Shaurya,Gupta,59,F,MASKED,MASKED,MASKED,1967-06-11
P1882,Krishna,Ghosh,56,F,MASKED,MASKED,MASKED,1970-09-06
P1883,Riya,Chatterjee,59,M,MASKED,MASKED,MASKED,1967-02-28
P1884,Ananya,Chatterjee,70,F,MASKED,MASKED,MASKED,1956-04-15
P1885,Ira,Chatterjee,33,F,MASKED,MASKED,MASKED,1993-03-28
P1886,Diya,Pillai,53,M,MASKED,MASKED,MASKED,1973-02-23
P1887,Ira,Gupta,22,F,MASKED,MASKED,MASKED,2004-12-12
P1888,Muhammad,Naidu,21,M,MASKED,MASKED,MASKED,2005-09-15
P1889,Aadhya,Patel,70,M,MASKED,MASKED,MASKED,1956-12-25
P1890,Reyansh,Sharma,70,F,MASKED,MASKED,MASKED,1956-03-27
P1891,Shaurya,Banerjee,4,F,MASKED,MASKED,MASKED,2022-06-06
P1892,Aadhya,Mehta,75,F,MASKED,MASKED,MASKED,1951-06-15
P1893,Ananya,Nair,62,F,MASKED,MASKED,MASKED,1964-07-10
P1894,Krishna,Naidu,62,F,MASKED,MASKED,MASKED,1964-10-06
P1895,Riya,Kulkarni,24,F,MASKED,MASKED,MASKED,2002-10-17
P1896,Saanvi,Khan,55,F,MASKED,MASKED,MASKED,1971-06-08
P1897,Krishna,Mehta,9,M,MASKED,MASKED,MASKED,2017-09-19
P1898,Shaurya,Singh,3,F,MASKED,MASKED,MASKED,2023-02-16
P1899,Shaurya,Ghosh,31,M,MASKED,MASKED,MASKED,1995-02-10
P1900,Riya,Iyer,40,F,MASKED,MASKED,MASKED,1986-12-17
P1901,Aarav,Patel,36,F,MASKED,MASKED,MASKED,1990-10-21
P1902,Vivaan,Pillai,24,M,MASKED,MASKED,MASKED,2002-01-05
P1903,Aarav,Nair,6,F,MASKED,MASKED,MASKED,2020-04-27
P1904,Shaurya,Joshi,66,F,MASKED,MASKED,MASKED,1960-03-18
P1905,Vivaan, Pillai,84,M,MASKED,MASKED,MASKED,1942-02-18
P1906,Sai,Chatterjee,75,F,MASKED,MASKED,MASKED,1951-06-28
P1907,Sai,Sharma,4,F,MASKED,MASKED,MASKED,2022-06-22
P1908,Aadhya,Sharma,79,F,MASKED,MASKED,MASKED,1947-11-03
P1909,Ananya,Chatterjee,6,M,MASKED,MASKED,MASKED,2020-07-25
P1910,Krishna,Sharma,51,F,MASKED,MASKED,MASKED,1975-12-08
P1911,Shaurya,Joshi,62,F,MASKED,MASKED,MASKED,1964-03-12
P1912,Diya, kulkarni,57,F,MASKED,MASKED,MASKED,1969-07-14
P1913,Ananya,Nair,66,F,MASKED,MASKED,MASKED,1960-10-14
P1914,Diya,Banerjee,79,M,MASKED,MASKED,MASKED,1947-11-06
P1915,Sai,Patel,75,M,MASKED,MASKED,MASKED,1951-10-17
P1916,Myra,Das,8,F,MASKED,MASKED,MASKED,2018-05-27
P1917,Krishna,Gupta,26,F,MASKED,MASKED,MASKED,2000-03-14
P1918,Ananya,Ghosh,51,M,MASKED,MASKED,MASKED,1975-08-13
P1919,Aarav,Iyer,45,M,MASKED,MASKED,MASKED,1981-06-03
P1920,Reyansh,Agarwal,44,F,MASKED,MASKED,MASKED,1982-08-01
P1921,Ishaan,Chatterjee,5,M,MASKED,MASKED,MASKED,2021-12-10
P1922,Aditya,Ghosh,70,F,MASKED,MASKED,MASKED,1956-01-10
P1923,Sai,Gupta,26,M,MASKED,MASKED,MASKED,2000-06-24
P1924,Anika,Reddy,68,M,MASKED,MASKED,MASKED,1958-02-06
P1925,Diya,Naidu,19,M,MASKED,MASKED,MASKED,2007-11-28
P1926,Krishna,Iyer,84,M,MASKED,MASKED,MASKED,1942-01-23
P1927,Sai,Reddy,20,F,MASKED,MASKED,MASKED,2006-03-17
P1928,Shaurya,Agarwal,12,M,MASKED,MASKED,MASKED,2014-03-13
P1929,Aarav,Sharma,47,M,MASKED,MASKED,MASKED,1979-03-03
P1930,Vivaan,Gupta,1,F,MASKED,MASKED,MASKED,2025-11-03
P1931,Arjun, Verma,14,M,MASKED,MASKED,MASKED,2012-10-06
P1932,Ira,Gupta,64,M,MASKED,MASKED,MASKED,1962-07-16
P1933,Ira,Khan,38,F,MASKED,MASKED,MASKED,1988-12-16
P1934,Shaurya,Verma,37,M,MASKED,MASKED,MASKED,1989-08-26
P1935,Myra,Kulkarni,11,F,MASKED,MASKED,MASKED,2015-05-11
P1936,Riya,Verma,77,F,MASKED,MASKED,MASKED,1949-11-16
P1937,Anika,Gupta,3,F,MASKED,MASKED,MASKED,2023-08-01
P1938,Reyansh,Joshi,33,F,MASKED,MASKED,MASKED,1993-04-26
P1939,Reyansh,Mishra,6,M,MASKED,MASKED,MASKED,2020-06-16
P1940,Reyansh,Reddy,50,F,MASKED,MASKED,MASKED,1976-07-23
P1941,Riya,Naidu,10,M,MASKED,MASKED,MASKED,2016-09-06
P1942,Riya,Pillai,5,M,MASKED,MASKED,MASKED,2021-06-01
P1943,Shaurya,Naidu,23,M,MASKED,MASKED,MASKED,2003-06-20
P1944,Riya,Gupta,10,M,MASKED,MASKED,MASKED,2016-09-06
P1945,Riya,Verma,44,M,MASKED,MASKED,MASKED,1982-11-27
P1946,Aditya,Mehta,2,M,MASKED,MASKED,MASKED,2024-05-16
P1947,Muhammad,Sharma,13,M,MASKED,MASKED,MASKED,2013-10-12
P1948,Ishaan,Verma,40,M,MASKED,MASKED,MASKED,1986-04-25
P1949,Saanvi,Ghosh,2,M,MASKED,MASKED,MASKED,2024-04-06
P1950,Arjun,Mehta,84,M,MASKED,MASKED,MASKED,1942-10-27
P1951,Vivaan,Banerjee,65,F,MASKED,MASKED,MASKED,1961-10-25
P1952,Myra,Das,63,F,MASKED,MASKED,MASKED,1963-05-01
P1953,Kavya,Iyer,73,F,MASKED,MASKED,MASKED,1953-11-01
P1954,Anika,Agarwal,17,M,MASKED,MASKED,MASKED,2009-12-08
P1955,Aarav,Das,9,F,MASKED,MASKED,MASKED,2017-07-27
P1956,Aarav,Iyer,75,F,MASKED,MASKED,MASKED,1951-04-23
P1957,Ishaan,Verma,15,F,MASKED,MASKED,MASKED,2011-08-27
P1958,Arjun,Ghosh,24,M,MASKED,MASKED,MASKED,2002-06-25
P1959,Sai,Khan,38,M,MASKED,MASKED,MASKED,1988-08-25
P1960,Kavya,Mishra,35,M,MASKED,MASKED,MASKED,1991-07-04
P1961,Muhammad,Iyer,49,M,MASKED,MASKED,MASKED,1977-09-13
P1962,Krishna,Singh,69,F,MASKED,MASKED,MASKED,1957-03-03
P1963,Sara,Pillai,62,F,MASKED,MASKED,MASKED,1964-03-27
P1964,Shaurya,Verma,60,F,MASKED,MASKED,MASKED,1966-05-14
P1965,Aarav,Banerjee,50,F,MASKED,MASKED,MASKED,1976-09-25
P1966,Riya,Singh,78,M,MASKED,MASKED,MASKED,1948-02-03
P1967,Ananya,Iyer,75,M,MASKED,MASKED,MASKED,1951-07-04
P1968,Shaurya,Patel,9,M,MASKED,MASKED,MASKED,2017-05-19
P1969,Shaurya,Chatterjee,34,F,MASKED,MASKED,MASKED,1992-08-16
P1970,Vivaan,Verma,76,M,MASKED,MASKED,MASKED,1950-02-06
P1971,Vivaan,Ghosh,35,M,MASKED,MASKED,MASKED,1991-07-16
P1972,Aditya,Joshi,1,F,MASKED,MASKED,MASKED,2025-02-01
P1973,Kavya,Mishra,40,F,MASKED,MASKED,MASKED,1986-02-18
P1974,Kavya,Mishra,64,M,MASKED,MASKED,MASKED,1962-10-17
P1975,Riya,Patel,22,M,MASKED,MASKED,MASKED,2004-07-18
P1976,Reyansh,Khan,60,M,MASKED,MASKED,MASKED,1966-04-27
P1977,Shaurya,Joshi,64,M,MASKED,MASKED,MASKED,1962-08-20
P1978,Vivaan,Sharma,72,M,MASKED,MASKED,MASKED,1954-09-03
P1979,Kavya,Gupta,11,M,MASKED,MASKED,MASKED,2015-08-13
P1980,Arjun,Ghosh,14,F,MASKED,MASKED,MASKED,2012-10-17
P1981,Diya,Gupta,60,F,MASKED,MASKED,MASKED,1966-07-22
P1982,Aadhya,Das,30,F,MASKED,MASKED,MASKED,1996-12-24
P1983,Muhammad,Khan,35,M,MASKED,MASKED,MASKED,1991-05-17
P1984,Ishaan,Singh,85,F,MASKED,MASKED,MASKED,1941-03-04
P1985,Aadhya,Nair,37,M,MASKED,MASKED,MASKED,1989-01-01
P1986,Diya,Khan,5,M,MASKED,MASKED,MASKED,2021-08-04
P1987,Saanvi,Patel,83,F,MASKED,MASKED,MASKED,1943-07-19
P1988,Kavya,Iyer,78,M,MASKED,MASKED,MASKED,1948-09-25
P1989,Reyansh,Chatterjee,26,M,MASKED,MASKED,MASKED,2000-04-12
P1990,Arjun,Agarwal,62,F,MASKED,MASKED,MASKED,1964-07-20
P1991,Aarav,Sharma,4,F,MASKED,MASKED,MASKED,2022-07-24
P1992,Diya,Singh,89,F,MASKED,MASKED,MASKED,1937-09-09
P1993,Muhammad,Naidu,42,M,MASKED,MASKED,MASKED,1984-10-02
P1994,Diya,Kulkarni,89,F,MASKED,MASKED,MASKED,1937-03-18
P1995,Arjun,Verma,18,F,MASKED,MASKED,MASKED,2008-08-06
P1996,Ira,Nair,40,M,MASKED,MASKED,MASKED,1986-09-24
P1997,Aadhya,Reddy,72,F,MASKED,MASKED,MASKED,1954-01-07
P1998,Shaurya,Kulkarni,39,F,MASKED,MASKED,MASKED,1987-04-14
P1999,Ananya,Pillai,14,F,MASKED,MASKED,MASKED,2012-12-15
